Workbook
Name _Sol25: input!$L$183
Name aA.tot: engine!$DI$168:$DO$168
Name aC.tot: engine!$AU$168:$BA$168
Name ADSORB.w1C.sd1C: continental!$L$175
Name ADSORB.w1R.sd1R: regional!$L$169
Name ADSORB.w2C.sd2C: continental!$L$177
Name ADSORB.w2R.sd2R: regional!$L$171
Name ADSORB.w3A.sdA: global!$L$435
Name ADSORB.w3M.sdM: global!$L$113
Name ADSORB.w3T.sdT: global!$L$757
Name ADSORBflow.w1R.sd1R: regional!$L$169
Name ADSORBflow.w2R.sd2R: regional!$L$171
Name ADSORBflow.w3M.sdM: global!$L$113
Name AEROresist.s1C: continental!$L$397
Name AEROresist.s1R: regional!$L$391
Name AEROresist.s2C: continental!$L$408
Name AEROresist.s2R: regional!$L$402
Name AEROresist.s3C: continental!$L$419
Name AEROresist.s3R: regional!$L$413
Name AEROresist.sA: global!$L$585
Name AEROresist.sM: global!$L$264
Name AEROresist.sT: global!$L$907
Name AEROresist.w0C: continental!$L$451
Name AEROresist.w0R: regional!$L$445
Name AEROresist.w1C: continental!$L$458
Name AEROresist.w1R: regional!$L$452
Name AEROresist.w2A: global!$L$603
Name AEROresist.w2C: continental!$L$461
Name AEROresist.w2M: global!$L$282
Name AEROresist.w2R: regional!$L$455
Name AEROresist.w2T: global!$L$925
Name AEROSOLdeprate.A: global!$L$413
Name AEROSOLdeprate.C: continental!$L$136
Name AEROSOLdeprate.M: global!$L$91
Name AEROSOLdeprate.R: regional!$L$130
Name AEROSOLdeprate.T: global!$L$735
Name AerosolWashout.A: global!$L$411
Name AerosolWashout.C: continental!$L$134
Name AerosolWashout.M: global!$L$89
Name AerosolWashout.R: regional!$L$128
Name AerosolWashout.T: global!$L$733
Name AHamakerSP.w: input!$L$16
Name aM.tot: engine!$CL$168:$CR$168
Name aR.tot: engine!$D$168:$J$168
Name AREAFRAC.s1C: continental!$L$19
Name AREAFRAC.s1R: regional!$L$19
Name AREAFRAC.s2C: continental!$L$20
Name AREAFRAC.s2R: regional!$L$20
Name AREAFRAC.s3C: continental!$L$21
Name AREAFRAC.s3R: regional!$L$21
Name AREAFRAC.sA: global!$L$342
Name AREAFRAC.sM: global!$L$13
Name AREAFRAC.sT: global!$L$664
Name AREAFRAC.w0C: continental!$L$17
Name AREAFRAC.w0R: regional!$L$17
Name AREAFRAC.w1C: continental!$L$18
Name AREAFRAC.w1R: regional!$L$18
Name AREAFRAC.w2C: continental!$L$22
Name AREAFRAC.w2R: regional!$L$22
Name AREAFRAC.wA: global!$L$341

Sheet version
B2: SimpleBox4plastics
B3: =C26 -> vs 4.04-plastic | C3: =B26 -> 45387
B4: www.rivm.nl
B6: Contact
B7: JTK Quik
B8: National Institute of Public Health and the Environment (RIVM)
B9: Post Box 1, 3720BA Bilthoven, The Netherlands
B10: joris.quik@rivm.nl
B13: References SimpleBox4plastic
B14: JTK Quik et al. A multimedia model for microplastic particles. (2023) A multimedia model to estimate environmental fate of microplastic particles. Science of The Total Environment 163437. https://doi.org/10.1016/j.scitotenv.2023.163437
B15: J. Meesters et al. A Model Sensitivity Analysis to Determine the Most Important Physicochemical Properties Driving Environmental Fate and Exposure of Engineered Nanoparticles. Environ. Sci.: Nano 2019, 6, (7), 2049-2060
B16: J. Meesters et al. Multimedia Environmental Fate and Speciation of Engineered Nanoparticles: A Probabilistic Modeling Approach. Environ. Sci.: Nano 2016, 3, (4), 715-727.
B17: J. Meesters et al. SimpleBox4nano model definition: Multimedia Modeling of Engineered Nanoparticles with SimpleBox4nano: Model Definition and Evaluation (2014) ES&T 48(10), 5726-5736
B18: Reference SimpleBox
... B25: Modifications log
B26: 45387 | C26: vs 4.04-plastic | D26: [Fix] 'Runoff was not being input to lake water (Regional and Continental). This is now implemented based on fraction surface area of W0 and W1
E27: See changes for k.s1.w0C/R, k.s2.w0C/R, k.s3.w0C/R and .......w1. include the surface area correction
E28: Take care that the cases related to comparison to SimpleBox v3.32 are not updated
E29: The all species output tables and graphics are NOT updated based on this fix, so they are not complete
D30: [Fix] 'in the regional scale: calculation of runoff for agricultural soil was related to FRACrun.s1R instead of FRACrun.s2R
D31: [fix] FRgas.Aa used variable from Moderate scale.
D32: [fix] Waterflow from w0R to W1R should be 10% of flow to the sea (w2) of freshwater (w1)
D33: [Fix] 'In the continental scale: calculation of FRs.sx for the three soil types (natural, agricultural, other), all used the Kp for natural soil,
E34: instead of the one corresponding to the soil type. Changed to soiltype specific Kp. Formulas were already correct at regional scale
D35: [Fix] formula for variables Fraers.aA and Fraerw.aA incorrectly used variables for Moderate scale instead of Arctic scale. This was fixed
B37: 45338 | C37: vs 4.02-plastic | D37: [fix] Flow of w1 to w0 was not implemented in the engine
D38: [Known issue] surface runoff from soils to lakewater is missing
B39: 44876 | C39: vs 4.02-plastic | D39: [improvement] Added degradatation and fragmentation as separate processes for particles, aimed at polymers [input]
D40: [improvement] added mass flow table for particle species [all species output]
D41: [improvement] smal layout and textual changes
D42: [fix] waterflow from w1C to w1R and RainRate.R from conv. SB4
D43: [fix] naming and refs of kdegG.air, KDEG.aA and particle degradation rate constants. Clash with conv. SB4. [regional/continental/global]
D44: [fix] use cellnames instead of cell refs (several, e.g. kdegS/A/P and COL/SUSP)
D45: [fix] missing flow from w1C to w1R for SAP species
D46: [fix] percentage mass in soils at contiental scale in all species output sheet
D47: [change] calculation of input arealand.C and areasea.C and SYSTEMAREA.C
D48: [added] case for not using regional scale (only C and global scales)
B50: 44266 | C50: vs 4.01-nano | D50: [improvement] minor improvements (link to dynamic R script)
D51: [fix] formula AerosolWashout.T
B52: 44139 | C52: vs 4.01-nano | D52: [bugfix] aerosol wahsout for P species (k.a*P.cw*P) was dependant on Fraers.a*. This is not the case, as all P is particulate/solid.
B53: 44074 | C53: vs 4.01-nano | D53: [bugfix] fixed bug where dry/wet deposition for dissolved species (G/D) was not consistent with the standard SimpleBox4.01 version
B54: 43738 | C54: vs 4.01-nano | D54: [RC1] added CaLIBRAte case study TiO2 [update emissions 7-10-2019]
B55: 43707 | C55: vs 4.01-nano | D55: [RC1] input sheet rearranged, sheet 'nanom micro output' added, added Meesters et al 2016 and NanoFASE scenario's and cases
B56: 43601 | C56: vs 4.01-nano (beta) | D56: [update4] updated lookup functions for substances, scenarios and cases, added case without subcompartments (singlecompartment)
B57: 43482 | C57: vs 4.01-nano (beta) | D57: [update3] Now allso applicable to particles with density lower than water (e.g. polymers such as EPS) | Q57: UPDATE 17-1-2019, additional notes
B58: 43406 | C58: vs 4.01-nano (beta) | D58: [bugfix] RadAcc was not converted properly from nm to m using value in lookup table (Cell L202) | R58: Added absolute function for calculating graviational collission frequency
B59: 43178 | C59: vs 4.01-nano (beta) | D59: [update2] included scenario and substance properties for nano-TiO2, nano-Ag and nano-C60. The scenario, cases and substance sheets are now functional | R59: Sedimentation rate constants becomes 0 when density lower than water
B60: 42703 | C60: vs 4.01-nano (beta) | D60: [bug fix update1] Fixed equation for Brownian collection efficiency for collection of S and A species in cloud water | R60: Added removal rate of 1e-20 to water (0 sed rate const at w2CA/w2CAP does not compute)
B61: 42450 | C61: vs 4.01-nano (beta) | D61: Pre-release 4.01-nano (beta version of 4.01 fit for nanomaterials), incorporation of model definition as described by Meesters et al. (2014)
B62: 42094 | C62: vs 4.01 | D62: External release 4.01 (as 4.0, with bug- and lay-out fixes), as described by Hollander et al. (2015)
B63: 41804 | C63: vs 4.0 | D63: External release 4.0 (beta test version)
B64: 38152 | C64: vs 3.0 | D64: External release 3.0, as described by Den Hollander et al. (2004)
B65: 35462 | C65: vs 2.0 | D65: External release 2.0, as described by Brandes et al. (1996)
B66: 34182 | C66: vs 1.0 | D66: External release 1.0, as described by Van de Meent (1993)

Sheet all species output
B2: Output table 1: Steady-state Concentrations, Fugacities, Emissions and Mass | AA2: Output table 2: Steady-state mass flows for D species only (kg.s-1) | AT2: Table 2: Steady-state mass flows (ton.yr-1) | BN2: Graphic output (D species only): Steady-state mass flows (kg.s-1) | BT2: Substance: | BU2: =ChemName -> default substance | BW2: Model | BX2: =CONCATENATE(version!$B$2," ",version!$B$3," ",version!$C$3) -> SimpleBox4plastics vs 4.04-plastic 45387
BN3: REGIONAL SCALE | BW3: Date | BX3: =TODAY() -> 45387
B4: Model | C4: =CONCATENATE(version!$B$2," ",version!$B$3," ",version!$C$3) -> SimpleBox4plastics vs 4.04-plastic 45387 | AA4: Model | AB4: =CONCATENATE(version!$B$2," ",version!$B$3," ",version!$C$3) -> SimpleBox4plastics vs 4.04-plastic 45387 | AT4: Model | AU4: SimpleBox version 3.9 | CD4: =AF12 -> 0
B5: Substance | C5: =ChemName -> default substance | AA5: Substance | AB5: =ChemName -> default substance | AT5: Substance | AU5: median substance
B6: Scenario | C6: =ScenarioName -> default scenario | AA6: Scenario | AB6: =ScenarioName -> default scenario | AT6: Scenario | AU6: Default SimpleBox
B7: Case | C7: =CaseName -> defaults only | AA7: Case | AB7: =CaseName -> defaults only | AT7: Case | AU7: SimpleBox version 3.31 | BS7: Air: | BT7: =IF(ISERROR(D12),0,D12) -> 0
C9: Masses (kg) | M9: Concentrations | S9: Fugacities (Pa) | AA9: Dissolved species | AC9: Emission | AD9: Inflow | AE9: Outflow | AF9: Removal | AG9: Formation (S,A,P->D) | AH9: Degradation | AI9: air-water | AJ9: water-air | AK9: air-soil | AL9: soil-air | AM9: soil-water | AN9: water-sed | AO9: sed-water | AP9: mass | AU9: aR | AV9: w1R | AW9: w2R | AX9: sd1R | AY9: sd2R | AZ9: s1R | BA9: s2R | BB9: s3R | BC9: aC | BD9: w1C | BE9: w2C | BF9: sd1C | BG9: sd2C | BH9: s1C | BI9: s2C | BJ9: s3C | BN9: C | BP9: =AD12 -> 0
C10: Reg | E10: Cont | G10: Mod | I10: Arct | K10: Trop | M10: Reg | N10: Cont | O10: Mod | P10: Arct | Q10: Trop | S10: Reg | T10: Cont | U10: Mod | V10: Arct | W10: Trop | AI10: transport | AJ10: transport | AK10: transport | AL10: transport | AM10: transport | AN10: transport | AO10: transport | AP10: balance | BN10: =AE12 -> 0 | BP10: C | BY10: / / / / / / / / / /
B11: Air | C11: =SUM(C12,C15:C17) -> 34306.845 | D11: =C11/$C$103 -> 2.0734805e-06 | E11: =SUM(E12,E15:E17) -> 125031.33 | F11: =E11/$E$103 -> 3.8128611e-06 | G11: =SUM(G12,G15:G17) -> 77588.164 | H11: =G11/$G$103 -> 1.4999892e-08 | I11: =SUM(I12,I15:I17) -> 15994.048 | J11: =I11/$I$103 -> 4.678366e-09 | K11: =SUM(K12,K15:K17) -> 23835.438 | L11: =K11/$K$103 -> 1.8649116e-09 | M11: =(M.aRG+M.aRS+M.aRA+M.aRP+M.cwRS+M.cwRA+M.cwRP)*(Molweight*1000)/(VOLUME.aR+VOLUME.cwR) -> 1.4943958e-07 | N11: =(M.aCG+M.aCS+M.aCA+M.aCP+M.cwCS+M.cwCA+M.cwCP)*Molweight*1000/(VOLUME.aC+VOLUME.cwC) -> 1.7367271e-08 | O11: =(M.aMG+M.aMS+M.aMA+M.aMP+M.cwMS+M.cwMA+M.cwMP)*Molweight*1000/(VOLUME.aM+VOLUME.cwM) -> 1.0002189e-09 | P11: =(M.aAG+M.aAS+M.aAA+M.aAP+M.cwAS+M.cwAA+M.cwAP)*Molweight*1000/(VOLUME.aA+VOLUME.cwA) -> 3.7633055e-10 | Q11: =(M.aTG+M.aTS+M.aTA+M.aTP+M.cwTS+M.cwTA+M.cwTP)*Molweight*1000/(VOLUME.aT+VOLUME.cwT) -> 1.8694461e-10 | R11: g.m-3 | AA11: Regional Scale | AT11: Emission | BY11: / / / / / / / / / /
B12: Dissolved/Gas species (G/D) | C12: =(M.aRG)*Molweight -> 0 | D12: =C12/$C$103 -> 0 | E12: =(M.aCG)*Molweight -> 0 | F12: =E12/$E$103 -> 0 | G12: =(M.aMG)*Molweight -> 0 | H12: =G12/$G$103 -> 0 | I12: =(M.aAG)*Molweight -> 0 | J12: =I12/$I$103 -> 0 | K12: =(M.aTG)*Molweight -> 0 | L12: =K12/$K$103 -> 0 | M12: =(M.aRG)*(Molweight*1000)/(VOLUME.aR + VOLUME.cwR) -> 0 | N12: =(M.aCG)*(Molweight*1000)/(VOLUME.aC + VOLUME.cwC) -> 0 | O12: =(M.aMG)*(Molweight*1000)/(VOLUME.aM + VOLUME.cwM) -> 0 | P12: =(M.aAG)*(Molweight*1000)/(VOLUME.aA + VOLUME.cwA) -> 0 | Q12: =(M.aTG)*(Molweight*1000)/(VOLUME.aT + VOLUME.cwT) -> 0 | R12: g.m-3 | S12: =F.aR -> 0 | T12: =F.aC -> 0 | U12: =F.aM -> 0 | V12: =F.aA -> 0 | W12: =F.aT -> 0 | AA12: air | AB12: aR | AC12: =E.aRG*Molweight -> 0 | AD12: =k.aC.aR*M.aC*Molweight -> 0 | AE12: =k.aR.aC*M.aR*Molweight -> 0 | AF12: =kesc.aR*VOLUME.aR*C.aRG*Molweight -> 0 | AH12: =KDEG.aR*VOLUME.aR*C.aR*Molweight -> 0 | AI12: =SUM(AI13:AI15,AK18:AK20) -> 0 | AJ12: =SUM(AJ13:AJ15,AL18:AL20) -> 0 | AP12: =SUM(AC12,AD12,AJ12,AL12)-SUM(AE12,AF12,AH12,AI12,AK12) -> 0 | BR12: =AH12 -> 0
B13: * GAS PHASE | C13: =FRgas.aR*C12 -> 0 | D13: =C13/$C$103 -> 0 | E13: =FRgas.aC*E12 -> 0 | F13: =E13/$E$103 -> 0 | G13: =FRgas.aC*G12 -> 0 | H13: =G13/$G$103 -> 0 | I13: =FRgas.aC*I12 -> 0 | J13: =I13/$I$103 -> 0 | K13: =FRgas.aC*K12 -> 0 | L13: =K13/$K$103 -> 0 | M13: =FRgas.aR*M12 -> 0 | N13: =FRgas.aC*N12 -> 0 | O13: =FRgas.aM*O12 -> 0 | P13: =FRgas.aA*P12 -> 0 | Q13: =FRgas.aT*Q12 -> 0 | R13: g.m-3 | S13: =S12*FRgas.aR -> 0 | T13: =T12*FRgas.aC -> 0 | U13: =U12*FRgas.aM -> 0 | V13: =V12*FRgas.aA -> 0 | W13: =W12*FRgas.aT -> 0 | AA13: fresh water lakes | AB13: w0R | AC13: =E.w0RD*Molweight -> 0 | AD13: =k.w1R.w0R*M.w1RD*Molweight -> 0 | AE13: =(k.w0R.w1R+k.w0R.w2R)*M.w0RD*Molweight -> 0 | AG13: =(kdis.w0S.w0D*M.w0RS+kdis.w0A.w0D*M.w0RA+kdis.w0P.w0D*M.w0RP)*Molweight -> 0 | AH13: =KDEG.w0R*M.w0RD*Molweight -> 0 | AI13: =k.aRG.w0RD*M.aRG*Molweight -> 0 | AJ13: =k.w0RD.aRG*M.w0R*Molweight -> 0 | AN13: =k.w0RD.sd0RD*M.w0RD*Molweight -> 0 | AO13: =k.sd0RD.w0RD*M.sd0RD*Molweight -> 0 | AP13: =SUM(AC13,AD13,AI13,AM13,AO13,AG13)-SUM(AF13,AE13,AH13,AJ13,AN13) -> 0 | AT13: Inflow | BP13: =AC12 -> 0
B14: * AEROSOL- and CLOUD PHASES | C14: =(1-FRgas.aR)*C12 -> 0 | D14: =C14/$C$103 -> 0 | E14: =(1-FRgas.aC)*E12 -> 0 | F14: =E14/$E$103 -> 0 | G14: =(1-FRgas.aC)*G12 -> 0 | H14: =G14/$G$103 -> 0 | I14: =(1-FRgas.aC)*I12 -> 0 | J14: =I14/$I$103 -> 0 | K14: =(1-FRgas.aC)*K12 -> 0 | L14: =K14/$K$103 -> 0 | M14: =(1-FRgas.aR)*M12 -> 0 | N14: =(1-FRgas.aC)*N12 -> 0 | O14: =(1-FRgas.aM)*O12 -> 0 | P14: =(1-FRgas.aA)*P12 -> 0 | Q14: =(1-FRgas.aT)*Q12 -> 0 | R14: g.m-3 | S14: =S12*(1-FRgas.aR) -> 0 | T14: =T12*(1-FRgas.aC) -> 0 | U14: =U12*(1-FRgas.aM) -> 0 | V14: =V12*(1-FRgas.aA) -> 0 | W14: =W12*(1-FRgas.aT) -> 0 | AA14: fresh water | AB14: w1R | AC14: =E.w1RD*Molweight -> 0 | AD14: =(WATERflow.w0R.w1R*C.w0R+WATERflow.w1C.w1R*C.w1C)*Molweight -> 0 | AE14: =(WATERflow.w1R.w0R+WATERflow.w1R.w2R)*C.w1R*Molweight -> 0 | AG14: =(kdis.w1S.w1D*M.w1RS+kdis.w1A.w1D*M.w1RA+kdis.w1P.w1D*M.w1RP)*Molweight -> 0 | AH14: =KDEG.w1R*VOLUME.w1R*C.w1R*Molweight -> 0 | AI14: =k.aRG.w1RD*M.aRG*Molweight -> 0 | AJ14: =k.w1RD.aRG*M.w1R*Molweight -> 0 | AM14: =(k.s1RD.w1RD*M.s1R+k.s2RD.w1RD*M.s2R+k.s3RD.w1RD*M.s3R)*Molweight -> 0 | AN14: =k.w1RD.sd1RD*M.w1R*Molweight -> 0 | AO14: =k.sd1RD.w1RD*M.sd1R*Molweight -> 0 | AP14: =SUM(AC14,AD14,AI14,AM14,AO14,AG14)-SUM(AF14,AE14,AH14,AJ14,AN14) -> 0 | AT14: Outflow | BX14: =IF(AL18<0,"",AL18) -> 0 | BZ14: =IF(AL20<0,"",AL20) -> 0 | CB14: =IF(AL19<0,"",AL19) -> 0
B15: Solid species (S) | C15: =(M.aRS+M.cwRS)*Molweight -> 9690.1971 | D15: =C15/$C$103 -> 5.856684e-07 | E15: =(M.aCS+M.cwCS)*Molweight -> 3498.113 | F15: =E15/$E$103 -> 1.0667582e-07 | G15: =(M.aMS+M.cwMS)*Molweight -> 185.48542 | H15: =G15/$G$103 -> 3.5859352e-11 | I15: =(M.aAS+M.cwAS)*Molweight -> 2.8894262 | J15: =I15/$I$103 -> 8.4517649e-13 | K15: =(M.aTS+M.cwTS)*Molweight -> 4.5154707 | L15: =K15/$K$103 -> 3.5329554e-13 | M15: =(M.aRS+M.cwRS)*(Molweight*1000)/(VOLUME.aR + VOLUME.cwR) -> 4.2210207e-08 | N15: =(M.aCS+M.cwCS)*(Molweight*1000)/(VOLUME.aC + VOLUME.cwC) -> 4.8589965e-10 | O15: =(M.aMS+M.cwMS)*(Molweight*1000)/(VOLUME.aM + VOLUME.cwM) -> 2.3911641e-12 | P15: =(M.aAS+M.cwAS)*(Molweight*1000)/(VOLUME.aA + VOLUME.cwA) -> 6.79865e-14 | Q15: =(M.aTS+M.cwTS)*(Molweight*1000)/(VOLUME.aT + VOLUME.cwT) -> 3.5415457e-14 | R15: g.m-3 | AA15: coastal sea water | AB15: w2R | AC15: =E.w2RD*Molweight -> 0 | AD15: =(k.w1R.w2R*M.w1R+k.w2C.w2R*M.w2C)*Molweight -> 0 | AE15: =k.w2R.w2C*M.w2R*Molweight -> 0 | AG15: =(kdis.w2S.w2D*M.w2RS+kdis.w2A.w2D*M.w2RA+kdis.w2P.w2D*M.w2RP)*Molweight -> 0 | AH15: =KDEG.w2R*M.w2RD*Molweight -> 0 | AI15: =k.aRG.w2RD*M.aRG*Molweight -> 0 | AJ15: =k.w2RD.aRG*M.w2R*Molweight -> 0 | AN15: =k.w2RD.sd2RD*M.w2R*Molweight -> 0 | AO15: =k.sd2RD.w2RD*M.sd2R*Molweight -> 0 | AP15: =SUM(AC15,AD15,AI15,AM15,AO15,AG15)-SUM(AF15,AE15,AH15,AJ15,AN15) -> 0 | AT15: Net export | BV15: =IF(AJ13<0,"",AJ13) -> 0
B16: Species attached to NCs (<450 nm) (A) | C16: =(M.aRA+M.cwRA)*Molweight -> 24606.827 | D16: =C16/$C$103 -> 1.4872186e-06 | E16: =(M.aCA+M.cwCA)*Molweight -> 121528.11 | F16: =E16/$E$103 -> 3.7060297e-06 | G16: =(M.aMA+M.cwMA)*Molweight -> 77402.38 | H16: =G16/$G$103 -> 1.4963975e-08 | I16: =(M.aAA+M.cwAA)*Molweight -> 15991.147 | J16: =I16/$I$103 -> 4.6775174e-09 | K16: =(M.aTA+M.cwTA)*Molweight -> 23830.918 | L16: =K16/$K$103 -> 1.864558e-09 | M16: =(M.aRA+M.cwRA)*(Molweight*1000)/(VOLUME.aR + VOLUME.cwR) -> 1.071866e-07 | N16: =(M.aCA+M.cwCA)*(Molweight*1000)/(VOLUME.aC + VOLUME.cwC) -> 1.6880663e-08 | O16: =(M.aMA+M.cwMA)*(Molweight*1000)/(VOLUME.aM + VOLUME.cwM) -> 9.9782393e-10 | P16: =(M.aAA+M.cwAA)*(Molweight*1000)/(VOLUME.aA + VOLUME.cwA) -> 3.7626228e-10 | Q16: =(M.aTA+M.cwTA)*(Molweight*1000)/(VOLUME.aT + VOLUME.cwT) -> 1.8690916e-10 | R16: g.m-3 | AA16: fresh water sediment | AB16: sd1R | AF16: =NETsedrate.w1R*SYSTEMAREA.R*AREAFRAC.w1R*C.sd1R*Molweight -> 0 | AG16: =(kdis.sd1S.sd1D*M.sd1RS+kdis.sd1A.sd1D*M.sd1RA+kdis.sd1P.sd1D*M.sd1RP)*Molweight -> 0 | AH16: =KDEG.sd1R*VOLUME.sd1R*C.sd1R*Molweight -> 0 | AN16: =k.w1RD.sd1RD*M.w1R*Molweight -> 0 | AO16: =k.sd1RD.w1RD*M.sd1R*Molweight -> 0 | AP16: =SUM(AC16,AD16,AN16,AG16)-SUM(AE16,AF16,AH16,AO16) -> 0 | BQ16: =IF(AJ15<0,"",AJ15) -> 0 | BT16: =IF(AJ14<0,"",AJ14) -> 0
B17: Species attached to suspended particles (>450 nm) (P) | C17: =(M.aRP+M.cwRP)*Molweight -> 9.8207059 | D17: =C17/$C$103 -> 5.9355625e-10 | E17: =(M.aCP+M.cwCP)*Molweight -> 5.1029017 | F17: =E17/$E$103 -> 1.5561424e-10 | G17: =(M.aMP+M.cwMP)*Molweight -> 0.2983313 | H17: =G17/$G$103 -> 5.7675513e-14 | I17: =(M.aAP+M.cwAP)*Molweight -> 0.01196339 | J17: =I17/$I$103 -> 3.4993714e-15 | K17: =(M.aTP+M.cwTP)*Molweight -> 0.0042889237 | L17: =K17/$K$103 -> 3.3557025e-16 | M17: =(M.aRP+M.cwRP)*(Molweight*1000)/(VOLUME.aR + VOLUME.cwR) -> 4.2778699e-11 | N17: =(M.aCP+M.cwCP)*(Molweight*1000)/(VOLUME.aC + VOLUME.cwC) -> 7.0881019e-13 | O17: =(M.aMP+M.cwMP)*(Molweight*1000)/(VOLUME.aM + VOLUME.cwM) -> 3.8459038e-15 | P17: =(M.aAP+M.cwAP)*(Molweight*1000)/(VOLUME.aA + VOLUME.cwA) -> 2.8149152e-16 | Q17: =(M.aTP+M.cwTP)*(Molweight*1000)/(VOLUME.aT + VOLUME.cwT) -> 3.3638617e-17 | R17: g.m-3 | AA17: coastal marine sediment | AB17: sd2R | AF17: =NETsedrate.w2R*SYSTEMAREA.R*AREAFRAC.w2R*C.sd2R*Molweight -> 0 | AG17: =(kdis.sd2S.sd2D*M.sd2RS+kdis.sd2A.sd2D*M.sd2RA+kdis.sd2P.sd2D*M.sd2RP)*Molweight -> 0 | AH17: =KDEG.sd2R*VOLUME.sd2R*C.sd2R*Molweight -> 0 | AN17: =k.w2RD.sd2RD*M.w2R*Molweight -> 0 | AO17: =k.sd2RD.w2RD*M.sd2R*Molweight -> 0 | AP17: =SUM(AC17,AD17,AN17,AG17)-SUM(AE17,AF17,AH17,AO17) -> 0 | AT17: Leaching | BV17: =IF(AK18<=0,ABS(AK18),"") -> 0 | BZ17: =IF(AK20<=0,ABS(AK20),"") -> 0 | CA17: =IF(AK19<=0,ABS(AK19),"") -> 0
AA18: natural soil | AB18: s1R | AC18: =E.s1RD*Molweight -> 0 | AF18: =(FRACinf.s1R*RAINrate.R/Ks1w.R*SYSTEMAREA.R*AREAFRAC.s1R*CORRleach.s1R)*C.s1R*Molweight -> 0 | AG18: =(kdis.s1S.s1D*M.s1RS+kdis.s1A.s1D*M.s1RA+kdis.s1P.s1D*M.s1RP)*Molweight -> 0 | AH18: =KDEG.s1R*VOLUME.s1R*C.s1R*Molweight -> 0 | AK18: =k.aRG.s1RD*M.aR*Molweight -> 0 | AL18: =k.s1RD.aRG*M.s1R*Molweight -> 0 | AM18: =k.s1RD.w1RD*M.s1R*Molweight -> 0 | AP18: =SUM(AC18,AD18,AK18,AG18)-SUM(AE18,AF18,AH18,AL18,AM18,AP17) -> 0 | AT18: Burial
B19: Fresh water lake | C19: =SUM(C20,C23:C25) -> 7748260.8 | D19: =C19/$C$103 -> 0.00046829919 | E19: =SUM(E20,E23:E25) -> 884035.62 | F19: =E19/$E$103 -> 2.6958884e-05 | M19: =(M.w0RD+M.w0RS+M.w0RA+M.w0RP)*Molweight/(VOLUME.w0R) -> 0.00013559541 | N19: =(M.w0CD+M.w0CS+M.w0CA+M.w0CP)*Molweight/(VOLUME.w0C) -> 1.0144305e-06 | R19: g.L-1 | AA19: agricultural soil | AB19: s2R | AC19: =E.s2RD*Molweight -> 0 | AF19: =(FRACinf.s2R*RAINrate.R/Ks2w.R*SYSTEMAREA.R*AREAFRAC.s2R*CORRleach.s2R)*C.s2R*Molweight -> 0 | AG19: =(kdis.s2S.s2D*M.s2RS+kdis.s2A.s2D*M.s2RA+kdis.s2P.s2D*M.s2RP)*Molweight -> 0 | AH19: =KDEG.s2R*VOLUME.s2R*C.s2R*Molweight -> 0 | AK19: =k.aRG.s2RD*M.aR*Molweight -> 0 | AL19: =k.s2RD.aRG*M.s2R*Molweight -> 0 | AM19: =k.s2RD.w1RD*M.s2R*Molweight -> 0 | AP19: =SUM(AC19,AD19,AK19,AG19)-SUM(AE19,AF19,AH19,AL19,AM19,AP18) -> 0 | AT19: Removal | BQ19: =IF(AI15<=0,ABS(AI15),"") -> 0 | BT19: =AM14 -> 0
B20: Dissolved/Gas species (G/D) | C20: =M.w0RD*Molweight -> 0 | D20: =C20/$C$103 -> 0 | E20: =M.w0CD*Molweight -> 0 | F20: =E20/$E$103 -> 0 | M20: =C.w0R*Molweight -> 0 | N20: =C.w0C*Molweight -> 0 | R20: g.L-1 | S20: =F.w0R -> 0 | T20: =F.w0C -> 0 | AA20: other soil | AB20: s3R | AC20: =E.s3RD*Molweight -> 0 | AF20: =(FRACinf.s3R*RAINrate.R/Ks3w.R*SYSTEMAREA.R*AREAFRAC.s3R*CORRleach.s3R)*C.s3R*Molweight -> 0 | AG20: =(kdis.s3S.s3D*M.s3RS+kdis.s3A.s3D*M.s3RA+kdis.s3P.s3D*M.s3RP)*Molweight -> 0 | AH20: =KDEG.s3R*VOLUME.s3R*C.s3R*Molweight -> 0 | AK20: =k.aRG.s3RD*M.aR*Molweight -> 0 | AL20: =k.s3RD.aRG*M.s3R*Molweight -> 0 | AM20: =k.s3RD.w1RD*M.s3R*Molweight -> 0 | AP20: =SUM(AC20,AD20,AK20,AG20)-SUM(AE20,AF20,AH20,AL20,AM20,AP19) -> 0 | AT20: Degradation | BQ20: =IF(AI15<0,"",AI15) -> 0 | BT20: =IF(AI14<0,"",AI14) -> 0 | BV20: =IF(AI13<0,"",AI13) -> 0 | BX20: =IF(AK18<0,"",AK18) -> 0 | BZ20: =IF(AK20<0,"",AK20) -> 0 | CB20: =IF(AK19<0,"",AK19) -> 0
B21: * DISSOLVED | C21: =FRwD.w0R*C20 -> 0 | D21: =C21/$C$103 -> 0 | E21: =FRw.w0C*E20 -> 0 | F21: =E21/$E$103 -> 0 | M21: =M20*FRwD.w0R -> 0 | N21: =N20*FRw.w0C -> 0 | R21: g.L-1 | S21: =S20*FRwD.w0R -> 0 | T21: =T20*FRw.w0C -> 0 | AA21: Continetal Scale | BN21: =AE13 -> 0
B22: * SUSPENDED SOLIDS | C22: =(1-FRwD.w0R)*C20 -> 0 | D22: =C22/$C$103 -> 0 | E22: =(1-FRw.w0C)*E20 -> 0 | F22: =E22/$E$103 -> 0 | M22: =M21*Kp.susp1R -> 0 | N22: =N21*Kp.susp1C -> 0 | R22: g.kg(d)-1 | S22: =S20*(1-FRwD.w0R) -> 0 | T22: =T20*(1-FRw.w0C) -> 0 | AA22: air | AB22: aC | AC22: =E.aCG*Molweight -> 0 | AD22: =(k.aR.aC*M.aR+k.aM.aC*M.aM)*Molweight -> 0 | AE22: =(k.aC.aM+k.aC.aR)*M.aC*Molweight -> 0 | AF22: =kesc.aC*VOLUME.aC*C.aC*Molweight -> 0 | AH22: =KDEG.aC*VOLUME.aC*C.aC*Molweight -> 0 | AI22: =SUM(AI23:AI25,AK28:AK30) -> 0 | AJ22: =SUM(AJ23:AJ25,AL28:AL30) -> 0 | AP22: =SUM(AC22,AD22,AJ22,AL22)-SUM(AE22,AF22,AH22,AI22,AK22) -> 0 | AT22: Wet and dry deposition | BN22: =AE14 -> 0 | BS22: =AD14 -> 0
B23: Solid species (S) | C23: =M.w0RS*Molweight -> 0.67907339 | D23: =C23/$C$103 -> 4.1042697e-11 | E23: =M.w0CS*Molweight -> 0.119125 | F23: =E23/$E$103 -> 3.6327463e-12 | M23: =C.w0RS*Molweight -> 1.1883859e-11 | N23: =C.w0CS*Molweight -> 1.3669589e-13 | R23: g.L-1 | AA23: fresh water lakes | AB23: w0C | AC23: =E.w0CD*Molweight -> 0 | AD23: =k.w1C.w0C*M.w1C*Molweight -> 0 | AE23: =(k.w0C.w1C+k.w0C.w2C)*M.w0C*Molweight -> 0 | AG23: =(kdis.w0S.w0D*M.w0CS+kdis.w0A.w0D*M.w0CA+kdis.w0P.w0D*M.w0CP)*Molweight -> 0 | AH23: =KDEG.w0C*VOLUME.w0C*C.w0C*Molweight -> 0 | AI23: =k.aC.w0C*M.aC*Molweight -> 0 | AJ23: =k.w0C.aC*M.w0C*Molweight -> 0 | AN23: =k.w0C.sd0C*M.w0CD*Molweight -> 0 | AO23: =k.sd0C.w0C*M.sd0CD*Molweight -> 0 | AP23: =SUM(AC23,AD23,AI23,AM23,AO23,AG23)-SUM(AF23,AE23,AH23,AJ23,AN23) -> 0 | AT23: Net gas absorption | BN23: =AE15 -> 0 | BP23: =AD15 -> 0 | BT23: =AH14 -> 0 | BV23: =AH13 -> 0
B24: Species attached to NCs (<450 nm) (A) | C24: =M.w0RA*Molweight -> 7725840.9 | D24: =C24/$C$103 -> 0.00046694415 | E24: =M.w0CA*Molweight -> 883788.83 | F24: =E24/$E$103 -> 2.6951358e-05 | M24: =C.w0RA*Molweight -> 0.00013520306 | N24: =C.w0CA*Molweight -> 1.0141473e-06 | R24: g.L-1 | AA24: fresh water | AB24: w1C | AC24: =E.w1CD*Molweight -> 0 | AD24: =k.w0C.w1C*M.w0C*Molweight -> 0 | AE24: =(k.w1C.w0C+k.w1C.w1R+k.w1C.w2C)*M.w1C*Molweight -> 0 | AG24: =(kdis.w1S.w1D*M.w1CS+kdis.w1A.w1D*M.w1CA+kdis.w1P.w1D*M.w1CP)*Molweight -> 0 | AH24: =KDEG.w1C*VOLUME.w1C*C.w1C*Molweight -> 0 | AI24: =k.aC.w1C*M.aC*Molweight -> 0 | AJ24: =k.w1C.aC*M.w1C*Molweight -> 0 | AM24: =(k.s1C.w1C*M.s1C+k.s2C.w1C*M.s2C+k.s3C.w1C*M.s3C)*Molweight -> 0 | AN24: =k.w1C.sd1C*M.w1C*Molweight -> 0 | AO24: =k.sd1C.w1C*M.sd1C*Molweight -> 0 | AP24: =SUM(AC24,AD24,AI24,AM24,AO24,AG24)-SUM(AF24,AE24,AH24,AJ24,AN24) -> 0 | BV24: =AC13 -> 0
B25: Species attached to suspended particles (>450 nm) (P) | C25: =M.w0RP*Molweight -> 22419.216 | D25: =C25/$C$103 -> 1.3550009e-06 | E25: =M.w0CP*Molweight -> 246.66256 | F25: =E25/$E$103 -> 7.5220355e-09 | M25: =C.w0RP*Molweight -> 3.9233873e-07 | N25: =C.w0CP*Molweight -> 2.8304519e-10 | R25: g.L-1 | AA25: coastal sea water | AB25: w2C | AC25: =E.w2CD*Molweight -> 0 | AD25: =(k.w2M.w2C*M.w2M+k.w2R.w2C*M.w2R+k.w1C.w2C*M.w1C)*Molweight -> 0 | AE25: =(k.w2C.w2M+k.w2C.w2R)*M.w2C*Molweight -> 0 | AG25: =(kdis.w2S.w2D*M.w2CS+kdis.w2A.w2D*M.w2CA+kdis.w2P.w2D*M.w2CP)*Molweight -> 0 | AH25: =KDEG.w2C*VOLUME.w2C*C.w2C*Molweight -> 0 | AI25: =k.aC.w2C*M.aC*Molweight -> 0 | AJ25: =k.w2C.aC*M.w2C*Molweight -> 0 | AN25: =k.w2C.sd2C*M.w2C*Molweight -> 0 | AO25: =k.sd2C.w2C*M.sd2C*Molweight -> 0 | AP25: =SUM(AC25,AD25,AI25,AM25,AO25,AG25)-SUM(AF25,AE25,AH25,AJ25,AN25) -> 0 | AT25: Run off | BS25: =AC14 -> 0 | BT25: Fresh water: | BV25: Fresh water lake:
AA26: fresh water sediment | AB26: sd1C | AF26: =(NETsedrate.w1C*SYSTEMAREA.C*AREAFRAC.w1C)*C.sd1C*Molweight -> 0 | AG26: =(kdis.sd1S.sd1D*M.sd1CS+kdis.sd1A.sd1D*M.sd1CA+kdis.sd1P.sd1D*M.sd1CP)*Molweight -> 0 | AH26: =KDEG.sd1C*VOLUME.sd1C*C.sd1C*Molweight -> 0 | AN26: =k.w1C.sd1C*M.w1C*Molweight -> 0 | AO26: =k.sd1C.w1C*M.sd1C*Molweight -> 0 | AP26: =SUM(AC26,AD26,AN26,AG26)-SUM(AE26,AF26,AH26,AO26) -> 0 | BP26: =AC15 -> 0 | BS26: =IF(AO16<0,"",AO16) -> 0 | BT26: =IF(ISERROR(D36),0,D36) -> 0 | BV26: =IF(ISERROR(F36),0,D20) -> 0 | BX26: Natural soil: | BZ26: Other soil: | CC26: Agricultural soil:
B27: Fresh water lake sediment | C27: =SUM(C28,C31:C33) -> 3587232.1 | D27: =C27/$C$103 -> 0.00021680967 | E27: =SUM(E28,E31:E33) -> 176191.42 | F27: =E27/$E$103 -> 5.3730007e-06 | M27: =((M.sd0RD+M.sd0RS+M.sd0RA+M.sd0RP)*Molweight*1000/(VOLUME.sd0R))/(FRACw.sdR*1000+FRACs.sdR*RHOsolid) -> 0.16096655 | N27: =((M.sd0CD+M.sd0CS+M.sd0CA+M.sd0CP)*Molweight*1000/(VOLUME.sd0C))/(FRACw.sdC*1000+FRACs.sdC*RHOsolid) -> 0.00051840918 | R27: g.kg(w)-1 | AA27: coastal marine sediment | AB27: sd2C | AF27: =(NETsedrate.w2C*SYSTEMAREA.C*AREAFRAC.w2C)*C.sd2C*Molweight -> 0 | AG27: =(kdis.sd2S.sd2D*M.sd2CS+kdis.sd2A.sd2D*M.sd2CA+kdis.sd2P.sd2D*M.sd2CP)*Molweight -> 0 | AH27: =KDEG.sd2C*VOLUME.sd2C*C.sd2C*Molweight -> 0 | AN27: =k.w2C.sd2C*M.w2C*Molweight -> 0 | AO27: =k.sd2C.w2C*M.sd2C*Molweight -> 0 | AP27: =SUM(AC27,AD27,AN27,AG27)-SUM(AE27,AF27,AH27,AO27) -> 0 | AT27: Sedimentation | BX27: =IF(ISERROR(D76),0,D76) -> 0 | BZ27: =IF(ISERROR(D92),0,D92) -> 0 | CC27: =IF(ISERROR(D84),0,D84) -> 0
B28: Dissolved/Gas species (G/D) | C28: =M.sd0RD*Molweight -> 0 | D28: =C28/$C$103 -> 0 | E28: =M.sd0CD*Molweight -> 0 | F28: =E28/$E$103 -> 0 | M28: =C.sd0RD*(Molweight*1000)/(FRACw.sdR*1000+FRACs.sdR*RHOsolid) -> 0 | N28: =C.sd0CD*(Molweight*1000)/(FRACw.sdC*1000+FRACs.sdC*RHOsolid) -> 0 | R28: g.kg(w)-1 | AA28: natural soil | AB28: s1C | AC28: =E.s1CD*Molweight -> 0 | AF28: =(FRACinf.s1C*RAINrate.C/Ks1w.C*SYSTEMAREA.C*AREAFRAC.s1C*CORRleach.s1C)*C.s1C*Molweight -> 0 | AG28: =(kdis.s1S.s1D*M.s1CS+kdis.s1A.s1D*M.s1CA+kdis.s1P.s1D*M.s1CP)*Molweight -> 0 | AH28: =KDEG.s1C*VOLUME.s1C*C.s1C*Molweight -> 0 | AK28: =k.aC.s1C*M.aC*Molweight -> 0 | AL28: =k.s1C.aC*M.s1C*Molweight -> 0 | AM28: =k.s1C.w1C*M.s1C*Molweight -> 0 | AP28: =SUM(AC28,AD28,AK28,AG28)-SUM(AE28,AF28,AH28,AL28,AM28,AP27) -> 0 | AT28: Adsorption | BS28: =IF(AN16<0,"",AN16) -> 0 | BT28: =AH16 -> 0
B29: * PORE WATER | C29: =C28*FRACw.sdR -> 0 | D29: =C29/$C$103 -> 0 | E29: =E28*FRACw.sdC -> 0 | F29: =E29/$E$103 -> 0 | M29: =M30/Kp.sd0R -> 0 | N29: =N30/Kp.sd0C -> 0 | R29: g.L-1 | AA29: agricultural soil | AB29: s2C | AC29: =E.s2CD*Molweight -> 0 | AF29: =(FRACinf.s2C*RAINrate.C/Ks2w.C*SYSTEMAREA.C*AREAFRAC.s2C*CORRleach.s2C)*C.s2C*Molweight -> 0 | AG29: =(kdis.s2S.s2D*M.s2CS+kdis.s2A.s2D*M.s2CA+kdis.s2P.s2D*M.s2CP)*Molweight -> 0 | AH29: =KDEG.s2C*VOLUME.s2C*C.s2C*Molweight -> 0 | AK29: =k.aC.s2C*M.aC*Molweight -> 0 | AL29: =k.s2C.aC*M.s2C*Molweight -> 0 | AM29: =k.s2C.w1C*M.s2C*Molweight -> 0 | AP29: =SUM(AC29,AD29,AK29,AG29)-SUM(AE29,AF29,AH29,AL29,AM29,AP28) -> 0 | BX29: =AH18 -> 0 | BZ29: =AH20 -> 0 | CC29: =AH19 -> 0
B30: * SOLID PHASE | C30: =C28*FRACs.sdR -> 0 | D30: =C30/$C$103 -> 0 | E30: =E28*FRACs.sdC -> 0 | F30: =E30/$E$103 -> 0 | M30: =C.sd0RD*FRACs.sdR/(FRACw.sdR/(Kp.sd0R*RHOsolid/1000)+FRACs.sdR)*(Molweight*1000*1000)/(FRACs.sdR*RHOsolid) -> 0 | N30: =C.sd0CD*FRACs.sdC/(FRACw.sdC/(Kp.sd0C*RHOsolid/1000)+FRACs.sdC)*(Molweight*1000*1000)/(FRACs.sdC*RHOsolid) -> 0 | R30: g.kg(d)-1 | AA30: other soil | AB30: s3C | AC30: =E.s3CD*Molweight -> 0 | AF30: =(FRACinf.s3C*RAINrate.C/Ks3w.C*SYSTEMAREA.C*AREAFRAC.s3C*CORRleach.s3C)*C.s3C*Molweight -> 0 | AG30: =(kdis.s3S.s3D*M.s3CS+kdis.s3A.s3D*M.s3CA+kdis.s3P.s3D*M.s3CP)*Molweight -> 0 | AH30: =KDEG.s3C*VOLUME.s3C*C.s3C*Molweight -> 0 | AK30: =k.aC.s3C*M.aC*Molweight -> 0 | AL30: =k.s3C.aC*M.s3C*Molweight -> 0 | AM30: =k.s3C.w1C*M.s3C*Molweight -> 0 | AP30: =SUM(AC30,AD30,AK30,AG30)-SUM(AE30,AF30,AH30,AL30,AM30,AP29) -> 0 | AT30: plant death & litter fall | BS30: Fresh water sediment:
B31: Solid species (S) | C31: =M.sd0RS*Molweight -> 8.8227862e-09 | D31: =C31/$C$103 -> 5.3324272e-19 | E31: =M.sd0CS*Molweight -> 5.6603914e-10 | F31: =E31/$E$103 -> 1.7261503e-20 | M31: =C.sd0RS*(Molweight*1000)/(FRACw.sdR*1000+FRACs.sdR*RHOsolid) -> 3.9589673e-16 | N31: =C.sd0CS*(Molweight*1000)/(FRACw.sdC*1000+FRACs.sdC*RHOsolid) -> 1.6654607e-18 | R31: g.kg(w)-1 | AA31: Global Scale - Moderate climate zone | AT31: transpiration flux | BT31: =IF(ISERROR(D44),0,D44) -> 0
B32: Species attached to NCs (<450 nm) (A) | C32: =M.sd0RA*Molweight -> 1309944.6 | D32: =C32/$C$103 -> 7.9172092e-05 | E32: =M.sd0CA*Molweight -> 150951.78 | F32: =E32/$E$103 -> 4.6033115e-06 | M32: =C.sd0RA*(Molweight*1000)/(FRACw.sdR*1000+FRACs.sdR*RHOsolid) -> 0.058779934 | N32: =C.sd0CA*(Molweight*1000)/(FRACw.sdC*1000+FRACs.sdC*RHOsolid) -> 0.00044414641 | R32: g.kg(w)-1 | AA32: air | AB32: aM | AC32: =E.aMG*Molweight -> 0 | AD32: =(k.aC.aM*M.aC+k.aA.aM*M.aA+k.aT.aM*M.aT)*Molweight -> 0 | AE32: =(k.aM.aA+k.aM.aC+k.aM.aT)*M.aM*Molweight -> 0 | AF32: =kesc.aM*VOLUME.aM*C.aM*Molweight -> 0 | AH32: =KDEG.aM*VOLUME.aM*C.aM*Molweight -> 0 | AI32: =SUM(AI33,AK36) -> 0 | AJ32: =SUM(AJ33,AL36) -> 0 | AP32: =SUM(AC32,AD32,AJ32,AL32)-SUM(AE32,AF32,AH32,AI32,AK32) -> 0 | AT32: Balance | BQ32: =AH15 -> 0
B33: Species attached to suspended particles (>450 nm) (P) | C33: =M.sd0RP*Molweight -> 2277287.5 | D33: =C33/$C$103 -> 0.00013763758 | E33: =M.sd0CP*Molweight -> 25239.643 | F33: =E33/$E$103 -> 7.6968913e-07 | M33: =C.sd0RP*(Molweight*1000)/(FRACw.sdR*1000+FRACs.sdR*RHOsolid) -> 0.10218661 | N33: =C.sd0CP*(Molweight*1000)/(FRACw.sdC*1000+FRACs.sdC*RHOsolid) -> 7.426277e-05 | R33: g.kg(w)-1 | AA33: upper ocean water | AB33: w2M | AC33: =E.w2MD*Molweight -> 0 | AD33: =(k.w2C.w2M*M.w2C+k.w2A.w2M*M.w2A+k.w2T.w2M*M.w2T+k.w3M.w2M*M.w3M)*Molweight -> 0 | AE33: =(k.w2M.w2C+k.w2M.w2A+k.w2M.w2T+k.w2M.w3M)*M.w2M*Molweight -> 0 | AG33: =(kdis.w2S.w2D*M.w2MS+kdis.w2A.w2D*M.w2MA+kdis.w2P.w2D*M.w2MP)*Molweight -> 0 | AH33: =KDEG.w2M*VOLUME.w2M*C.w2M*Molweight -> 0 | AI33: =k.aM.w2M*M.aM*Molweight -> 0 | AJ33: =k.w2M.aM*M.w2M*Molweight -> 0 | AM33: =k.sM.w2M*M.sM*Molweight -> 0 | AP33: =SUM(AC33,AD33,AI33,AM33,AG33)-SUM(AE33,AF33,AH33,AJ33) -> 0 | BQ33: Seawater:
AA34: deep sea | AB34: w3M | AD34: =(k.w2M.w3M*M.w2M+k.w3A.w3M*M.w3A+k.w3T.w3M*M.w3T)*Molweight -> 0 | AE34: =(k.w3M.w2M+k.w3M.w3A+k.w3M.w3T)*M.w3M*Molweight -> 0 | AG34: =(kdis.w2S.w2D*M.w3MS+kdis.w2A.w2D*M.w3MA+kdis.w2P.w2D*M.w3MP)*Molweight -> 0 | AH34: =KDEG.w3M*M.w3MD*Molweight -> 0 | AN34: =k.w3M.sdM*M.w3M*Molweight -> 0 | AO34: =k.sdM.w3M*M.sdM*Molweight -> 0 | AP34: =SUM(AC34,AD34,AI34,AM34,AO34,AG34)-SUM(AE34,AF34,AH34,AJ34,AN34) -> 0 | AU34: aM | AV34: w2M | AW34: w3M | AX34: sdM | AY34: sM | AZ34: aA | BA34: w2A | BB34: w3A | BC34: sdA | BD34: sA | BE34: aT | BF34: w2T | BG34: w3T | BH34: sdT | BI34: sT | BJ34: Sum | BP34: =IF(AO17<0,"",AO17) -> 0 | BQ34: =IF(ISERROR(D52),0,D52) -> 0
B35: Fresh water | C35: =SUM(C36,C39:C41) -> 7304629.4 | D35: =C35/$C$103 -> 0.00044148644 | E35: =SUM(E36,E39:E41) -> 406969.14 | F35: =E35/$E$103 -> 1.2410624e-05 | M35: =(M.w1RD+M.w1RS+M.w1RA+M.w1RP)*Molweight/(VOLUME.w1R) -> 0.00038736913 | N35: =(M.w1CD+M.w1CS+M.w1CA+M.w1CP)*Molweight/(VOLUME.w1C) -> 1.4151422e-06 | R35: g.L-1 | AA35: ocean sediment | AB35: sdM | AF35: =(NETsedrate.wM*SYSTEMAREA.M*AREAFRAC.wM)*C.sdM*Molweight -> 0 | AG35: =(kdis.sd2S.sd2D*M.sdMS+kdis.sd2A.sd2D*M.sdMA+kdis.sd2P.sd2D*M.sdMP)*Molweight -> 0 | AH35: =KDEG.sdM*M.sdMD*Molweight -> 0 | AN35: =k.w3M.sdM*M.w3M*Molweight -> 0 | AO35: =k.sdM.w3M*M.sdM*Molweight -> 0 | AP35: =SUM(AC35,AD35,AN35,AG35)-SUM(AE35,AF35,AH35,AO35) -> 0 | CB35: =AC19 -> 0
B36: Dissolved/Gas species (G/D) | C36: =M.w1RD*Molweight -> 0 | D36: =C36/$C$103 -> 0 | E36: =M.w1CD*Molweight -> 0 | F36: =E36/$E$103 -> 0 | M36: =C.w1R*Molweight -> 0 | N36: =C.w1C*Molweight -> 0 | R36: g.L-1 | S36: =F.w1R -> 0 | T36: =F.w1C -> 0 | AA36: soil | AB36: sM | AC36: =E.sMD*Molweight -> 0 | AF36: =(FRACinf.sM*RAINrate.M/Kslw.M*SYSTEMAREA.M*AREAFRAC.sM*CORRleach.sM)*C.sM*Molweight -> 0 | AG36: =(kdis.s1S.s1D*M.sMS+kdis.s1A.s1D*M.sMA+kdis.s1P.s1D*M.sMP)*Molweight -> 0 | AH36: =KDEG.sM*VOLUME.sM*C.sM*Molweight -> 0 | AK36: =k.aM.sM*M.aM*Molweight -> 0 | AL36: =k.sM.aM*M.sM*Molweight -> 0 | AM36: =k.sM.w2M*M.sM*Molweight -> 0 | AP36: =SUM(AC36,AD36,AK36,AG36)-SUM(AE36,AF36,AH36,AL36,AM36,AP35) -> 0 | AT36: Emission | BZ36: =AC20 -> 0
B37: * DISSOLVED | C37: =FRwD.w1R*C36 -> 0 | D37: =C37/$C$103 -> 0 | E37: =FRw.w1C*E36 -> 0 | F37: =E37/$E$103 -> 0 | M37: =M36*FRwD.w1R -> 0 | N37: =N36*FRw.w1C -> 0 | R37: g.L-1 | S37: =S36*FRwD.w1R -> 0 | T37: =T36*FRw.w1C -> 0 | AA37: Global Scale - Arctic climate zone | BP37: =IF(AN17<0,"",AN17) -> 0 | BQ37: =AH17 -> 0 | BV37: =AC18 -> 0
B38: * SUSPENDED SOLIDS | C38: =(1-FRwD.w1R)*C36 -> 0 | D38: =C38/$C$103 -> 0 | E38: =(1-FRw.w1C)*E36 -> 0 | F38: =E38/$E$103 -> 0 | M38: =M37*Kp.susp1R -> 0 | N38: =N37*Kp.susp1C -> 0 | R38: g.kg(d)-1 | S38: =S36*(1-FRwD.w1R) -> 0 | T38: =T36*(1-FRw.w1C) -> 0 | AA38: air | AB38: aA | AC38: =E.aAG*Molweight -> 0 | AD38: =k.aM.aA*M.aM*Molweight -> 0 | AE38: =k.aA.aM*M.aA*Molweight -> 0 | AF38: =kesc.aA*VOLUME.aA*C.aA*Molweight -> 0 | AH38: =KDEG.aA*VOLUME.aA*C.aA*Molweight -> 0 | AI38: =SUM(AI39,AK42) -> 0 | AJ38: =SUM(AJ39,AL42) -> 0 | AP38: =SUM(AC38,AD38,AJ38,AL38)-SUM(AE38,AF38,AH38,AI38,AK38) -> 0 | AT38: Inflow | BP38: Sea water sediment:
B39: Solid species (S) | C39: =M.w1RS*Molweight -> 1693.2651 | D39: =C39/$C$103 -> 1.023397e-07 | E39: =M.w1CS*Molweight -> 1.1039298 | F39: =E39/$E$103 -> 3.366461e-11 | M39: =C.w1RS*Molweight -> 8.9794924e-08 | N39: =C.w1CS*Molweight -> 3.8386635e-12 | R39: g.L-1 | AA39: upper ocean water | AB39: w2A | AC39: =E.w2AD*Molweight -> 0 | AD39: =(k.w2M.w2A*M.w2M+k.w3A.w2A*M.w3A)*Molweight -> 0 | AE39: =(k.w2A.w2M+k.w2A.w3A)*M.w2A*Molweight -> 0 | AG39: =(kdis.w2S.w2D*M.w2AS+kdis.w2A.w2D*M.w2AA+kdis.w2P.w2D*M.w2AP)*Molweight -> 0 | AH39: =KDEG.w2A*VOLUME.w2A*C.w2A*Molweight -> 0 | AI39: =k.aA.w2A*M.aA*Molweight -> 0 | AJ39: =k.w2A.aA*M.w2A*Molweight -> 0 | AM39: =k.sA.w2A*M.sA*Molweight -> 0 | AP39: =SUM(AC39,AD39,AI39,AM39,AG39)-SUM(AE39,AF39,AH39,AJ39) -> 0 | AT39: Outflow | BQ39: =IF(ISERROR(D68),0,D68) -> 0
B40: Species attached to NCs (<450 nm) (A) | C40: =M.w1RA*Molweight -> 7186862.1 | D40: =C40/$C$103 -> 0.00043436867 | E40: =M.w1CA*Molweight -> 406169.6 | F40: =E40/$E$103 -> 1.2386242e-05 | M40: =C.w1RA*Molweight -> 0.00038112386 | N40: =C.w1CA*Molweight -> 1.412362e-06 | R40: g.L-1 | AA40: deep sea | AB40: w3A | AD40: =(k.w2A.w3A*M.w2A+k.w3M.w3A*M.w3M)*Molweight -> 0 | AE40: =(k.w3A.w2A+k.w3A.w3M)*M.w3A*Molweight -> 0 | AG40: =(kdis.w2S.w2D*M.w3AS+kdis.w2A.w2D*M.w3AA+kdis.w2P.w2D*M.w3AP)*Molweight -> 0 | AH40: =KDEG.w3A*VOLUME.w3A*C.w3A*Molweight -> 0 | AN40: =k.w3A.sdA*M.w3A*Molweight -> 0 | AO40: =k.sdA.w3A*M.sdA*Molweight -> 0 | AP40: =SUM(AC40,AD40,AI40,AM40,AO40,AG40)-SUM(AE40,AF40,AH40,AJ40,AN40) -> 0 | AT40: Net export
B41: Species attached to suspended particles (>450 nm) (P) | C41: =M.w1RP*Molweight -> 116074.05 | D41: =C41/$C$103 -> 7.0154301e-06 | E41: =M.w1CP*Molweight -> 798.43565 | F41: =E41/$E$103 -> 2.4348492e-08 | M41: =C.w1RP*Molweight -> 6.1554803e-06 | N41: =C.w1CP*Molweight -> 2.7763775e-09 | R41: g.L-1 | AA41: ocean sediment | AB41: sdA | AF41: =(NETsedrate.wA*SYSTEMAREA.A*AREAFRAC.wA)*C.sdA*Molweight -> 0 | AG41: =(kdis.sd2S.sd2D*M.sdAS+kdis.sd2A.sd2D*M.sdAA+kdis.sd2P.sd2D*M.sdAP)*Molweight -> 0 | AH41: =KDEG.sdA*VOLUME.sdA*C.sdA*Molweight -> 0 | AN41: =k.w3A.sdA*M.w3A*Molweight -> 0 | AO41: =k.sdA.w3A*M.sdA*Molweight -> 0 | AP41: =SUM(AC41,AD41,AN41,AG41)-SUM(AE41,AF41,AH41,AO41) -> 0
AA42: soil | AB42: sA | AC42: =E.sAD*Molweight -> 0 | AF42: =(FRACinf.sA*RAINrate.A/Kslw.A*SYSTEMAREA.A*AREAFRAC.sA*CORRleach.sA)*C.sA*Molweight -> 0 | AG42: =(kdis.s1S.s1D*M.sAS+kdis.s1A.s1D*M.sAA+kdis.s1P.s1D*M.sAP)*Molweight -> 0 | AH42: =KDEG.sA*VOLUME.sA*C.sA*Molweight -> 0 | AK42: =k.aA.sA*M.aA*Molweight -> 0 | AL42: =k.sA.aA*M.sA*Molweight -> 0 | AM42: =k.sA.w2A*M.sA*Molweight -> 0 | AP42: =SUM(AC42,AD42,AK42,AG42)-SUM(AE42,AF42,AH42,AL42,AM42,AP41) -> 0 | AT42: Leaching
B43: Fresh water sediment | C43: =SUM(C44,C47:C49) -> 42690148 | D43: =C43/$C$103 -> 0.0025801612 | E43: =SUM(E44,E47:E49) -> 500221.67 | F43: =E43/$E$103 -> 1.5254383e-05 | M43: =((M.sd1RD+M.sd1RS+M.sd1RA+M.sd1RP)*Molweight*1000/(VOLUME.sd1R))/(FRACw.sdR*1000+FRACs.sdR*RHOsolid) -> 0.17414505 | N43: =((M.sd1CD+M.sd1CS+M.sd1CA+M.sd1CP)*Molweight*1000/(VOLUME.sd1C))/(FRACw.sdC*1000+FRACs.sdC*RHOsolid) -> 0.0001338005 | R43: g.kg(w)-1 | AA43: Global Scale - Tropical climate zone | AT43: Burial | BP43: =AF17 -> 0 | BS43: =AF16 -> 0 | BW43: =AF18 -> 0 | BZ43: =AF20 -> 0 | CB43: =AF19 -> 0
B44: Dissolved/Gas species (G/D) | C44: =M.sd1RD*Molweight -> 0 | D44: =C44/$C$103 -> 0 | E44: =M.sd1CD*Molweight -> 0 | F44: =E44/$E$103 -> 0 | M44: =C.sd1R*(Molweight*1000)/(FRACw.sdR*1000+FRACs.sdR*RHOsolid) -> 0 | N44: =C.sd1C*(Molweight*1000)/(FRACw.sdC*1000+FRACs.sdC*RHOsolid) -> 0 | R44: g.kg(w)-1 | S44: =F.sd1R -> 0 | T44: =F.sd1C -> 0 | AA44: air | AB44: aT | AC44: =E.aTG*Molweight -> 0 | AD44: =k.aM.aT*M.aM*Molweight -> 0 | AE44: =k.aT.aM*M.aT*Molweight -> 0 | AF44: =kesc.aT*VOLUME.aT*C.aT*Molweight -> 0 | AH44: =KDEG.aT*VOLUME.aT*C.aT*Molweight -> 0 | AI44: =SUM(AI45,AK48) -> 0 | AJ44: =SUM(AJ45,AL48) -> 0 | AP44: =SUM(AC44,AD44,AJ44,AL44)-SUM(AE44,AF44,AH44,AI44,AK44) -> 0 | AT44: Removal
B45: * PORE WATER | C45: =C44*FRACw.sdR -> 0 | D45: =C45/$C$103 -> 0 | E45: =E44*FRACw.sdC -> 0 | F45: =E45/$E$103 -> 0 | M45: =M46/Kp.sd1R -> 0 | N45: =N46/Kp.sd1C -> 0 | R45: g.L-1 | S45: =S44*FRACw.sdR -> 0 | T45: =T44*FRACw.sdC -> 0 | AA45: upper ocean water | AB45: w2T | AC45: =E.w2TD*Molweight -> 0 | AD45: =(k.w2M.w2T*M.w2M+k.w3T.w2T*M.w3T)*Molweight -> 0 | AE45: =(k.w2T.w2M+k.w2T.w3T)*M.w2T*Molweight -> 0 | AG45: =(kdis.w2S.w2D*M.w2TS+kdis.w2A.w2D*M.w2TA+kdis.w2P.w2D*M.w2TP)*Molweight -> 0 | AH45: =KDEG.w2T*VOLUME.w2T*C.w2T*Molweight -> 0 | AI45: =k.aT.w2T*M.aT*Molweight -> 0 | AJ45: =k.w2T.aT*M.w2T*Molweight -> 0 | AM45: =k.sT.w2T*M.sT*Molweight -> 0 | AP45: =SUM(AC45,AD45,AI45,AM45,AG45)-SUM(AE45,AF45,AH45,AJ45) -> 0 | AT45: Degradation | BN45: Index: | BT45: Concentrations:
B46: * SOLID PHASE | C46: =C44*FRACs.sdR -> 0 | D46: =C46/$C$103 -> 0 | E46: =E44*FRACs.sdC -> 0 | F46: =E46/$E$103 -> 0 | M46: =C.sd1R*FRACs.sdR/(FRACw.sdR/(Kp.sd1R*RHOsolid/1000)+FRACs.sdR)*(Molweight*1000*1000)/(FRACs.sdR*RHOsolid) -> 0 | N46: =C.sd1C*FRACs.sdC/(FRACw.sdC/(Kp.sd1C*RHOsolid/1000)+FRACs.sdC)*(Molweight*1000*1000)/(FRACs.sdC*RHOsolid) -> 0 | R46: g.kg(d)-1 | S46: =S44*(1-FRACw.sdR) -> 0 | T46: =T44*(1-FRACw.sdC) -> 0 | AA46: deep sea | AB46: w3T | AD46: =(k.w2T.w3T*M.w2T+k.w3M.w3T*M.w3M)*Molweight -> 0 | AE46: =(k.w3T.w2T+k.w3T.w3M)*M.w3T*Molweight -> 0 | AG46: =(kdis.w2S.w2D*M.w3TS+kdis.w2A.w2D*M.w3TA+kdis.w2P.w2D*M.w3TP)*Molweight -> 0 | AH46: =KDEG.w3T*VOLUME.w3T*C.w3T*Molweight -> 0 | AN46: =k.w3T.sdT*M.w3T*Molweight -> 0 | AO46: =k.sdT.w3T*M.sdT*Molweight -> 0 | AP46: =SUM(AC46,AD46,AI46,AM46,AO46,AG46)-SUM(AE46,AF46,AH46,AJ46,AN46) -> 0 | BO46: Diffusive exhange and advective transport | BT46: Air | BW46: =M12 -> 0 | BX46: g.m-3
B47: Solid species (S) | C47: =M.sd1RS*Molweight -> 0.00073328276 | D47: =C47/$C$103 -> 4.4319072e-14 | E47: =M.sd1CS*Molweight -> 1.7484615e-07 | F47: =E47/$E$103 -> 5.3319765e-18 | M47: =C.sd1RS*(Molweight*1000)/(FRACw.sdR*1000+FRACs.sdR*RHOsolid) -> 2.9912654e-12 | N47: =C.sd1CS*(Molweight*1000)/(FRACw.sdC*1000+FRACs.sdC*RHOsolid) -> 4.6768273e-17 | R47: g.kg(w)-1 | AA47: ocean sediment | AB47: sdT | AF47: =(NETsedrate.wT*SYSTEMAREA.T*AREAFRAC.wT)*C.sdT*Molweight -> 0 | AG47: =(kdis.sd2S.sd2D*M.sdTS+kdis.sd2A.sd2D*M.sdTA+kdis.sd2P.sd2D*M.sdTP)*Molweight -> 0 | AH47: =KDEG.sdT*VOLUME.sdT*C.sdT*Molweight -> 0 | AN47: =k.w3T.sdT*M.w3T*Molweight -> 0 | AO47: =k.sdT.w3T*M.sdT*Molweight -> 0 | AP47: =SUM(AC47,AD47,AN47,AG47)-SUM(AE47,AF47,AH47,AO47) -> 0 | AT47: Wet and dry deposition
B48: Species attached to NCs (<450 nm) (A) | C48: =M.sd1RA*Molweight -> 3998790.8 | D48: =C48/$C$103 -> 0.00024168398 | E48: =M.sd1CA*Molweight -> 229705.23 | F48: =E48/$E$103 -> 7.0049176e-06 | M48: =C.sd1RA*(Molweight*1000)/(FRACw.sdR*1000+FRACs.sdR*RHOsolid) -> 0.016312186 | N48: =C.sd1CA*(Molweight*1000)/(FRACw.sdC*1000+FRACs.sdC*RHOsolid) -> 6.1442113e-05 | R48: g.kg(w)-1 | AA48: soil | AB48: sT | AC48: =E.sTD*Molweight -> 0 | AF48: =(FRACinf.sT*RAINrate.T/Kslw.T*SYSTEMAREA.T*AREAFRAC.sT*CORRleach.sT)*C.sT*Molweight -> 0 | AG48: =(kdis.s1S.s1D*M.sTS+kdis.s1A.s1D*M.sTA+kdis.s1P.s1D*M.sTP)*Molweight -> 0 | AH48: =KDEG.sT*VOLUME.sT*C.sT*Molweight -> 0 | AK48: =k.aT.sT*M.aT*Molweight -> 0 | AL48: =k.sT.aT*M.sT*Molweight -> 0 | AM48: =k.sT.w2T*M.sT*Molweight -> 0 | AP48: =SUM(AC48,AD48,AK48,AG48)-SUM(AE48,AF48,AH48,AL48,AM48,AP47) -> 0 | AT48: Net gas absorption | BO48: Soil-> water transport | BT48: Fresh water lake | BW48: =M20 -> 0 | BX48: g.L-1
B49: Species attached to suspended particles (>450 nm) (P) | C49: =M.sd1RP*Molweight -> 38691357 | D49: =C49/$C$103 -> 0.0023384772 | E49: =M.sd1CP*Molweight -> 270516.43 | F49: =E49/$E$103 -> 8.2494652e-06 | M49: =C.sd1RP*(Molweight*1000)/(FRACw.sdR*1000+FRACs.sdR*RHOsolid) -> 0.15783286 | N49: =C.sd1CP*(Molweight*1000)/(FRACw.sdC*1000+FRACs.sdC*RHOsolid) -> 7.2358391e-05 | R49: g.kg(w)-1 | AC49: =SUM(AC11:AC48) -> 0 | AF49: =SUM(AF11:AF48) -> 0 | AH49: =SUM(AH11:AH48) -> 0 | AP49: =SUM(AP12:AP48) -> 0 | BT49: Fresh water | BW49: =M36 -> 0 | BX49: g.L-1
AT50: Run off | BO50: Import + origin | BT50: Sea water | BW50: =M52 -> 0 | BX50: g.L-1
B51: Surface sea/ocean water | C51: =SUM(C52,C55:C57) -> 772163.51 | D51: =C51/$C$103 -> 4.6668996e-05 | E51: =SUM(E52,E55:E57) -> 3.184134e+10 | F51: =E51/$E$103 -> 0.97100951 | G51: =SUM(G52,G55:G57) -> 1.6630321e+11 | H51: =G51/$G$103 -> 0.03215091 | I51: =SUM(I52,I55:I57) -> 1.3298091e+11 | J51: =I51/$I$103 -> 0.038897805 | K51: =SUM(K52,K55:K57) -> 3.8334066e+11 | L51: =K51/$K$103 -> 0.029993008 | M51: =(M.w2RD+M.w2RS+M.w2RA+M.w2RP)*Molweight/(VOLUME.w2R) -> 7.7216351e-05 | N51: =(M.w2CD+M.w2CS+M.w2CA+M.w2CP)*Molweight/(VOLUME.w2C) -> 4.2873451e-05 | O51: =(M.w2MD+M.w2MS+M.w2MA+M.w2MP)*Molweight/(VOLUME.w2M) -> 4.2877575e-05 | P51: =(M.w2AD+M.w2AS+M.w2AA+M.w2AP)*Molweight/(VOLUME.w2A) -> 5.2149376e-05 | Q51: =(M.w2TD+M.w2TS+M.w2TA+M.w2TP)*Molweight/(VOLUME.w2T) -> 4.2951335e-05 | R51: g.L-1 | AA51: Output table 2b: Steady-state mass flows for total particulate species (kg.s-1)
B52: Dissolved/Gas species (G/D) | C52: =M.w2RD*Molweight -> 0 | D52: =C52/$C$103 -> 0 | E52: =M.w2CD*Molweight -> 0 | F52: =E52/$E$103 -> 0 | G52: =M.w2MD*Molweight -> 0 | H52: =G52/$G$103 -> 0 | I52: =M.w2AD*Molweight -> 0 | J52: =I52/$I$103 -> 0 | K52: =M.w2TD*Molweight -> 0 | L52: =K52/$K$103 -> 0 | M52: =C.w2R*Molweight -> 0 | N52: =C.w2C*Molweight -> 0 | O52: =C.w2M*Molweight -> 0 | P52: =C.w2A*Molweight -> 0 | Q52: =C.w2T*Molweight -> 0 | R52: g.L-1 | S52: =F.w2R -> 0 | T52: =F.w2C -> 0 | U52: =F.w2M -> 0 | V52: =F.w2A -> 0 | W52: =F.w2T -> 0 | AT52: Sedimentation | BO52: Export + destination | BT52: Fresh water sediment | BW52: =M44 -> 0 | BX52: g.kg(w)-1
B53: * DISSOLVED | C53: =FRwD.w2R*C52 -> 0 | D53: =C53/$C$103 -> 0 | E53: =FRw.w2C*E52 -> 0 | F53: =E53/$E$103 -> 0 | G53: =FRw.w2M*G52 -> 0 | H53: =G53/$G$103 -> 0 | I53: =FRw.w2A*I52 -> 0 | J53: =I53/$I$103 -> 0 | K53: =FRw.w2T*K52 -> 0 | L53: =K53/$K$103 -> 0 | M53: =M52*FRwD.w2R -> 0 | N53: =N52*FRw.w2C -> 0 | O53: =O52*FRw.w2M -> 0 | P53: =P52*FRw.w2A -> 0 | Q53: =Q52*FRw.w2T -> 0 | R53: g.L-1 | S53: =S52*FRwD.w2R -> 0 | T53: =T52*FRw.w2C -> 0 | U53: =U52*FRw.w2M -> 0 | V53: =V52*FRw.w2A -> 0 | W53: =W52*FRw.w2T -> 0 | AA53: Model | AB53: =CONCATENATE(version!$B$2," ",version!$B$3," ",version!$C$3) -> SimpleBox4plastics vs 4.04-plastic 45387 | AT53: Adsorption | BT53: Sea water sediment | BW53: =M68 -> 0 | BX53: g.kg(w)-1
B54: * SUSPENDED SOLIDS | C54: =(1-FRwD.w2R)*C52 -> 0 | D54: =C54/$C$103 -> 0 | E54: =(1-FRw.w2C)*E52 -> 0 | F54: =E54/$E$103 -> 0 | G54: =(1-FRw.w2M)*G52 -> 0 | H54: =G54/$G$103 -> 0 | I54: =(1-FRw.w2A)*I52 -> 0 | J54: =I54/$I$103 -> 0 | K54: =(1-FRw.w2T)*K52 -> 0 | L54: =K54/$K$103 -> 0 | M54: =M53*Kp.susp2R -> 0 | N54: =N53*Kp.susp2C -> 0 | O54: =O53*Kp.susp2M -> 0 | P54: =P53*Kp.susp2A -> 0 | Q54: =Q53*Kp.susp2T -> 0 | R54: g.kg(d)-1 | S54: =S52*(1-FRwD.w2R) -> 0 | T54: =T52*(1-FRw.w2C) -> 0 | U54: =U52*(1-FRw.w2M) -> 0 | V54: =V52*(1-FRw.w2A) -> 0 | W54: =W52*(1-FRw.w2T) -> 0 | AA54: Substance | AB54: =ChemName -> default substance | BO54: Removal from system
B55: Solid species (S) | C55: =M.w2RS*Molweight -> 0.17152023 | D55: =C55/$C$103 -> 1.0366556e-11 | E55: =M.w2CS*Molweight -> 4.0875493 | F55: =E55/$E$103 -> 1.2465082e-10 | G55: =M.w2MS*Molweight -> 0.12942381 | H55: =G55/$G$103 -> 2.5021125e-14 | I55: =M.w2AS*Molweight -> 0.0022806509 | J55: =I55/$I$103 -> 6.6710563e-16 | K55: =M.w2TS*Molweight -> 0.0046415815 | L55: =K55/$K$103 -> 3.631626e-16 | M55: =C.w2RS*Molweight -> 1.7152023e-11 | N55: =C.w2CS*Molweight -> 5.5037678e-15 | O55: =C.w2MS*Molweight -> 3.3369045e-17 | P55: =C.w2AS*Molweight -> 8.943729e-19 | Q55: =C.w2TS*Molweight -> 5.2006516e-19 | R55: g.L-1 | AA55: Scenario | AB55: =ScenarioName -> default scenario | AT55: plant death & litter fall | BT55: Natural soil | BW55: =M76 -> 0 | BX55: g.kg(w)-1
B56: Species attached to NCs (<450 nm) (A) | C56: =M.w2RA*Molweight -> 767025.71 | D56: =C56/$C$103 -> 4.6358471e-05 | E56: =M.w2CA*Molweight -> 3.1840904e+10 | F56: =E56/$E$103 -> 0.97099622 | G56: =M.w2MA*Molweight -> 1.6630114e+11 | H56: =G56/$G$103 -> 0.032150511 | I56: =M.w2AA*Molweight -> 1.3298012e+11 | J56: =I56/$I$103 -> 0.038897574 | K56: =M.w2TA*Molweight -> 3.833311e+11 | L56: =K56/$K$103 -> 0.029992259 | M56: =C.w2RA*Molweight -> 7.6702571e-05 | N56: =C.w2CA*Molweight -> 4.2872864e-05 | O56: =C.w2MA*Molweight -> 4.2877042e-05 | P56: =C.w2AA*Molweight -> 5.2149066e-05 | Q56: =C.w2TA*Molweight -> 4.2950263e-05 | R56: g.L-1 | AA56: Case | AB56: =CaseName -> defaults only | AT56: transpiration flux | BO56: Emission | BT56: Agricultural soil | BW56: =M84 -> 0 | BX56: g.kg(w)-1
B57: Species attached to suspended particles (>450 nm) (P) | C57: =M.w2RP*Molweight -> 5137.6264 | D57: =C57/$C$103 -> 3.1051437e-07 | E57: =M.w2CP*Molweight -> 435749.6 | F57: =E57/$E$103 -> 1.3288291e-05 | G57: =M.w2MP*Molweight -> 2067454 | H57: =G57/$G$103 -> 3.9969481e-07 | I57: =M.w2AP*Molweight -> 790889.98 | J57: =I57/$I$103 -> 2.3134061e-07 | K57: =M.w2TP*Molweight -> 9563565.8 | L57: =K57/$K$103 -> 7.4826422e-07 | M57: =C.w2RP*Molweight -> 5.1376264e-07 | N57: =C.w2CP*Molweight -> 5.8672433e-10 | O57: =C.w2MP*Molweight -> 5.3304693e-10 | P57: =C.w2AP*Molweight -> 3.1015293e-10 | Q57: =C.w2TP*Molweight -> 1.071548e-09 | R57: g.L-1 | AT57: Balance | BT57: Other soil | BW57: =M92 -> 0 | BX57: g.kg(w)-1
AA58: Total Particulate species | AC58: Emission | AD58: Inflow | AE58: Outflow | AF58: Removal (advection) | AG58: Dissolution | AH58: Degradation | AI58: air-water | AJ58: water-air | AK58: air-soil | AL58: soil-air | AM58: soil-water | AN58: water-sed | AO58: sed-water | AP58: mass | BN58: 0.1213 | BO58: Distribution over the compartments
B59: Deep sea/ocean water | G59: =SUM(G60,G63:G65) -> 4.9976681e+12 | H59: =G59/$G$103 -> 0.9661845 | I59: =SUM(I60,I63:I65) -> 3.2801378e+12 | J59: =I59/$I$103 -> 0.95946222 | K59: =SUM(K60,K63:K65) -> 1.2375972e+13 | L59: =K59/$K$103 -> 0.96831004 | O59: =(M.w3MD+M.w3MS+M.w3MA+M.w3MP)*Molweight/(VOLUME.w3M) -> 4.2951245e-05 | P59: =(M.w3AD+M.w3AS+M.w3AA+M.w3AP)*Molweight/(VOLUME.w3A) -> 4.2877618e-05 | Q59: =(M.w3TD+M.w3TS+M.w3TA+M.w3TP)*Molweight/(VOLUME.w3T) -> 4.6222116e-05 | R59: g.L-1 | AI59: transport | AJ59: transport | AK59: transport | AL59: transport | AM59: transport | AN59: transport | AO59: transport | AP59: balance
B60: Dissolved/Gas species (G/D) | G60: =M.w3MD*Molweight -> 0 | H60: =G60/$G$103 -> 0 | I60: =M.w3AD*Molweight -> 0 | J60: =I60/$I$103 -> 0 | K60: =M.w3TD*Molweight -> 0 | L60: =K60/$K$103 -> 0 | O60: =C.w3M*Molweight -> 0 | P60: =C.w3A*Molweight -> 0 | Q60: =C.w3T*Molweight -> 0 | R60: g.L-1 | U60: =F.w3M -> 0 | V60: =F.w3A -> 0 | W60: =F.w3T -> 0 | AA60: Regional Scale
B61: * DISSOLVED | G61: =FRw.w3M*G60 -> 0 | H61: =G61/$G$103 -> 0 | I61: =FRw.w3A*I60 -> 0 | J61: =I61/$I$103 -> 0 | K61: =FRw.w3T*K60 -> 0 | L61: =K61/$K$103 -> 0 | O61: =O60*FRw.w3M -> 0 | P61: =P60*FRw.w3A -> 0 | Q61: =Q60*FRw.w3T -> 0 | R61: g.L-1 | U61: =U60*FRw.w3M -> 0 | V61: =V60*FRw.w3A -> 0 | W61: =W60*FRw.w3T -> 0 | AA61: air | AB61: aR | AC61: =E.aRS*Molweight -> 0.31709792 | AD61: =k.aC.aR*(M.aCS+M.aCA+M.aCP)*Molweight -> 0.037464945 | AE61: =k.aR.aC*(M.aRS+M.aRA+M.aRP)*Molweight -> 0.32202929 | AF61: =kesc.aR*VOLUME.aR*(C.aRS+C.aRA+C.aRP)*Molweight -> 1.2522917e-05 | AH61: =(kdegS.a*C.aRS+kdegA.a*C.aRA+kdegP.a*C.aRP)*VOLUME.aR*Molweight -> 0 | AI61: =SUM(AI62:AI64) -> 0.0026442895 | AJ61: =SUM(AJ62:AJ64) -> 0 | AK61: =SUM(AK67:AK69) -> 0.02987676 | AL61: =SUM(AL67:AL69) -> 0 | AP61: =SUM(AC61,AD61,AJ61,AL61)-SUM(AE61,AF61,AH61,AI61,AK61) -> 0
B62: * SUSPENDED SOLIDS | G62: =(1-FRw.w3M)*G60 -> 0 | H62: =G62/$G$103 -> 0 | I62: =(1-FRw.w3A)*I60 -> 0 | J62: =I62/$I$103 -> 0 | K62: =(1-FRw.w3T)*K60 -> 0 | L62: =K62/$K$103 -> 0 | O62: =O61*Kp.susp3M -> 0 | P62: =P61*Kp.susp3A -> 0 | Q62: =Q61*Kp.susp3T -> 0 | R62: g.kg(d)-1 | U62: =U60*(1-FRw.w3M) -> 0 | V62: =V60*(1-FRw.w3A) -> 0 | W62: =W60*(1-FRw.w3T) -> 0 | AA62: fresh water lakes | AB62: w0R | AC62: =E.w0RS*Molweight -> 0 | AD62: =k.w1R.w0R*(M.w1RS+M.w1RA+M.w1RP)*Molweight -> 0 | AE62: =(k.w0R.w1R+k.w0R.w2R)*(M.w0RS+M.w0RA+M.w0RP)*Molweight -> 0.018574598 | AG62: =(kdis.w0S.w0D*M.w0RS+kdis.w0A.w0D*M.w0RA+kdis.w0P.w0D*M.w0RP)*Molweight -> 0 | AH62: =(kdegS.w0*M.w0RS+kdegA.w0*M.w0RA+kdegP.w0*M.w0RP)*Molweight -> 0 | AI62: =((k.aRS.w0RS*M.aRS+k.aRA.w0RA*M.aRA+k.aRP.w0RP*M.aRP)+(k.cwRS.w0RS*M.cwRS+k.cwRA.w0RA*M.cwRA+k.cwRP.w0RP*M.cwRP))*Molweight -> 0.00019542644 | AN62: =(k.w0RS.sd0RS*M.w0RS+k.w0RA.sd0RA*M.w0RA+k.w0RP.sd0RP*M.w0RP)*Molweight -> 0.010386358 | AO62: =(k.sd0RS.w0RS*M.sd0RS+k.sd0RA.w0RA*M.sd0RA+k.sd0RP.w0RP*M.sd0RP)*Molweight -> 0 | AP62: =SUM(AC62,AD62,AI62,AM62,AO62)-SUM(AF62,AE62,AH62,AJ62,AN62,AG62) -> -0.028765529
B63: Solid species (S) | G63: =M.w3MS*Molweight -> 1.0076041e-05 | H63: =G63/$G$103 -> 1.9479714e-18 | I63: =M.w3AS*Molweight -> 2.0783271e-07 | J63: =I63/$I$103 -> 6.0792457e-20 | K63: =M.w3TS*Molweight -> 3.1537425e-07 | L63: =K63/$K$103 -> 2.4675239e-20 | O63: =C.w3MS*Molweight -> 8.6596085e-23 | P63: =C.w3AS*Molweight -> 2.7167674e-24 | Q63: =C.w3TS*Molweight -> 1.1778684e-24 | R63: g.L-1 | AA63: fresh water | AB63: w1R | AC63: =E.w1RS*Molweight -> 0.31709792 | AD63: =(WATERflow.w0R.w1R*(C.w0RS+C.w0RA+C.w0RP)+WATERflow.w1C.w1R*(C.w1CS+C.w1CA+C.w1CP))*Molweight -> 0.018574598 | AE63: =(WATERflow.w1R.w0R+WATERflow.w1R.w2R)*(C.w1RS+C.w1RA+C.w1RP)*Molweight -> 0.53063933 | AG63: =(kdis.w1S.w1D*M.w1RS+kdis.w1A.w1D*M.w1RA+kdis.w1P.w1D*M.w1RP)*Molweight -> 0 | AH63: =(kdegS.w1*M.w1RS+kdegA.w1*M.w1RA+kdegP.w1*M.w1RP)*Molweight -> 0 | AI63: =((k.aRS.w1RS*M.aRS+k.aRA.w1RA*M.aRA+k.aRP.w1RP*M.aRP)+(k.cwRS.w1RS*M.cwRS+k.cwRA.w1RA*M.cwRA+k.cwRP.w1RP*M.cwRP))*Molweight -> 0.0021496909 | AM63: =(k.s1RS.w1RS*M.s1RS+k.s1RA.w1RA*M.s1RA+k.s1RP.w1RP*M.s1RP+k.s2RS.w1RS*M.s2RS+k.s2RA.w1RA*M.s2RA+k.s2RP.w1RP*M.s2RP+k.s3RS.w1RS*M.s3RS+k.s3RA.w1RA*M.s3RA+k.s3RP.w1RP*M.s3RP)*Molweight -> 0.31642082 | AN63: =(k.w1RS.sd1RS*M.w1RS+k.w1RA.sd1RA*M.w1RA+k.w1RP.sd1RP*M.w1RP)*Molweight -> 1.2555351 | AO63: =(k.sd1RS.w1RS*M.sd1RS+k.sd1RA.w1RA*M.sd1RA+k.sd1RP.w1RP*M.sd1RP)*Molweight -> 1.1319314 | AP63: =SUM(AC63,AD63,AI63,AM63,AO63)-SUM(AF63,AE63,AH63,AJ63,AN63,AG63) -> 0
B64: Species attached to NCs (<450 nm) (A) | G64: =M.w3MA*Molweight -> 4.9975427e+12 | H64: =G64/$G$103 -> 0.96616026 | I64: =M.w3AA*Molweight -> 3.280097e+12 | J64: =I64/$I$103 -> 0.95945031 | K64: =M.w3TA*Molweight -> 1.2375292e+13 | L64: =K64/$K$103 -> 0.96825688 | O64: =C.w3MA*Molweight -> 4.2950167e-05 | P64: =C.w3AA*Molweight -> 4.2877085e-05 | Q64: =C.w3TA*Molweight -> 4.6219578e-05 | R64: g.L-1 | AA64: coastal sea water | AB64: w2R | AC64: =E.w2RS*Molweight -> 0 | AD64: =(k.w1R.w2R*(M.w1RS+M.w1RA+M.w1RP)+k.w2C.w2R*(M.w2CS+M.w2CA+M.w2CP))*Molweight -> 1.0592128 | AE64: =k.w2R.w2C*(M.w2RS+M.w2RA+M.w2RP)*Molweight -> 1.0577516 | AG64: =(kdis.w2S.w2D*M.w2RS+kdis.w2A.w2D*M.w2RA+kdis.w2P.w2D*M.w2RP)*Molweight -> 0 | AH64: =(kdegS.w2*M.w2RS+kdegA.w2*M.w2RA+kdegP.w2*M.w2RP)*Molweight -> 0 | AI64: =((k.aRS.w2RS*M.aRS+k.aRA.w2RA*M.aRA+k.aRP.w2RP*M.aRP)+(k.cwRS.w2RS*M.cwRS+k.cwRA.w2RA*M.cwRA+k.cwRP.w2RP*M.cwRP))*Molweight -> 0.0002991722 | AN64: =(k.w2RS.sd2RS*M.w2RS+k.w2RA.sd2RA*M.w2RA+k.w2RP.sd2RP*M.w2RP)*Molweight -> 0.018875461 | AO64: =(k.sd2RS.w2RS*M.sd2RS+k.sd2RA.w2RA*M.sd2RA+k.sd2RP.w2RP*M.sd2RP)*Molweight -> 0.017115094 | AP64: =SUM(AC64,AD64,AI64,AM64,AO64)-SUM(AF64,AE64,AH64,AJ64,AN64,AG64) -> 0 | BN64: Graphic output (D species only): Steady-state mass flows (kg.s-1) | BS64: Substance: | BT64: =ChemName -> default substance | BV64: Model | BW64: =CONCATENATE(version!$B$2," ",version!$B$3," ",version!$C$3) -> SimpleBox4plastics vs 4.04-plastic 45387 | CD64: =AF22 -> 0
B65: Species attached to suspended particles (>450 nm) (P) | G65: =M.w3MP*Molweight -> 1.2536027e+08 | H65: =G65/$G$103 -> 2.4235533e-05 | I65: =M.w3AP*Molweight -> 40733915 | J65: =I65/$I$103 -> 1.1914942e-05 | K65: =M.w3TP*Molweight -> 6.7944672e+08 | L65: =K65/$K$103 -> 5.3160681e-05 | O65: =C.w3MP*Molweight -> 1.0773784e-09 | P65: =C.w3AP*Molweight -> 5.3246947e-10 | Q65: =C.w3TP*Molweight -> 2.5376161e-09 | R65: g.L-1 | AA65: fresh water sediment | AB65: sd1R | AF65: =kbur.sd1R*(M.sd1RS+M.sd1RA+M.sd1RP)*Molweight -> 0.1236037 | AG65: =(kdis.sd1S.sd1D*M.sd1RS+kdis.sd1A.sd1D*M.sd1RA+kdis.sd1P.sd1D*M.sd1RP)*Molweight -> 0 | AH65: =(kdegS.sd1*M.sd1RS+kdegA.sd1*M.sd1RA+kdegP.sd1*M.sd1RP)*Molweight -> 0 | AN65: =AN63 -> 1.2555351 | AO65: =AO63 -> 1.1319314 | AP65: =SUM(AC65,AD65,AN65)-SUM(AE65,AF65,AH65,AO65,AG65) -> 0 | BN65: CONTINENTAL SCALE | BV65: Date | BW65: =TODAY() -> 45387
AA66: coastal marine sediment | AB66: sd2R | AF66: =kbur.sd2R*(M.sd2RS+M.sd2RA+M.sd2RP)*Molweight -> 0.0017603666 | AG66: =(kdis.sd2S.sd2D*M.sd2RS+kdis.sd2A.sd2D*M.sd2RA+kdis.sd2P.sd2D*M.sd2RP)*Molweight -> 0 | AH66: =(kdegS.sd2*M.sd2RS+kdegA.sd2*M.sd2RA+kdegP.sd2*M.sd2RP)*Molweight -> 0 | AN66: =AN64 -> 0.018875461 | AO66: =AO64 -> 0.017115094 | AP66: =SUM(AC66,AD66,AN66)-SUM(AE66,AF66,AH66,AO66,AG66) -> 0
B67: Marine sediment | C67: =SUM(C68,C71:C73) -> 1925385.1 | D67: =C67/$C$103 -> 0.00011636886 | E67: =SUM(E68,E71:E73) -> 8.1697259e+08 | F67: =E67/$E$103 -> 0.02491378 | G67: =SUM(G68,G71:G73) -> 8.6063529e+09 | H67: =G67/$G$103 -> 0.0016638409 | I67: =SUM(I68,I71:I73) -> 5.606483e+09 | J67: =I67/$I$103 -> 0.0016399337 | K67: =SUM(K68,K71:K73) -> 2.1688682e+10 | L67: =K67/$K$103 -> 0.0016969471 | M67: =((M.sd2RD+M.sd2RS+M.sd2RA+M.sd2RP)*Molweight*1000/(VOLUME.sd2R))/ (FRACw.sdR*1000+FRACs.sdR*RHOsolid) -> 0.049368848 | N67: =((M.sd2CD+M.sd2CS+M.sd2CA+M.sd2CP)*Molweight*1000/(VOLUME.sd2C))/ (FRACw.sdC*1000+FRACs.sdC*RHOsolid) -> 0.0056411802 | O67: =((M.sdMD+M.sdMS+M.sdMA+M.sdMP)*Molweight*1000/(VOLUME.sdM))/(FRACw.sdM*1000+FRACs.sdM*RHOsolid) -> 0.0056896315 | P67: =((M.sdAD+M.sdAS+M.sdAA+M.sdAP)*Molweight*1000/(VOLUME.sdA))/(FRACw.sdA*1000+FRACs.sdA*RHOsolid) -> 0.0056374891 | Q67: =((M.sdTD+M.sdTS+M.sdTA+M.sdTP)*Molweight*1000/(VOLUME.sdT))/(FRACw.sdT*1000+FRACs.sdT*RHOsolid) -> 0.0062310371 | R67: g.kg(w)-1 | AA67: natural soil | AB67: s1R | AC67: =E.s1RS*Molweight -> 0 | AF67: =kleach.s1R*(M.s1RS+M.s1RA)*Molweight -> 4.6664813e-05 | AG67: =(kdis.s1S.s1D*M.s1RS+kdis.s1A.s1D*M.s1RA+kdis.s1P.s1D*M.s1RP)*Molweight -> 0 | AH67: =(kdegS.s1*M.s1RS+kdegA.s1*M.s1RA+kdegP.s1*M.s1RP)*Molweight -> 0 | AK67: =((k.aRS.s1RS*M.aRS+k.aRA.s1RA*M.aRA+k.aRP.s1RP*M.aRP)+(k.cwRS.s1RS*M.cwRS+k.cwRA.s1RA*M.cwRA+k.cwRP.s1RP*M.cwRP))*Molweight -> 0.0083162115 | AM67: =(k.s1RS.w1RS*M.s1RS+k.s1RA.w1RA*M.s1RA+k.s1RP.w1RP*M.s1RP)*Molweight -> 0.0075804178 | AP67: =SUM(AC67,AD67,AK67)-SUM(AE67,AF67,AH67,AL67,AM67,AP66,AG67) -> 0.00068912889 | BS67: Air: | BT67: =IF(ISERROR(F12),0,F12) -> 0
B68: Dissolved/Gas species (G/D) | C68: =M.sd2RD*Molweight -> 0 | D68: =C68/$C$103 -> 0 | E68: =M.sd2CD*Molweight -> 0 | F68: =E68/$E$103 -> 0 | G68: =M.sdMD*Molweight -> 0 | H68: =G68/$G$103 -> 0 | I68: =M.sdAD*Molweight -> 0 | J68: =I68/$I$103 -> 0 | K68: =M.sdTD*Molweight -> 0 | L68: =K68/$K$103 -> 0 | M68: =C.sd2R*(Molweight*1000)/(FRACw.sdR*1000+FRACs.sdR*RHOsolid) -> 0 | N68: =C.sd2C*(Molweight*1000)/(FRACw.sdC*1000+FRACs.sdC*RHOsolid) -> 0 | O68: =C.sdM*(Molweight*1000)/(FRACw.sdM*1000+FRACs.sdM*RHOsolid) -> 0 | P68: =C.sdA*(Molweight*1000)/(FRACw.sdA*1000+FRACs.sdA*RHOsolid) -> 0 | Q68: =C.sdT*(Molweight*1000)/(FRACw.sdT*1000+FRACs.sdT*RHOsolid) -> 0 | R68: g.kg(w)-1 | S68: =F.sd2R -> 0 | T68: =F.sd2C -> 0 | U68: =F.sdM -> 0 | V68: =F.sdA -> 0 | W68: =F.sdT -> 0 | AA68: agricultural soil | AB68: s2R | AC68: =E.s2RS*Molweight -> 0.31709792 | AF68: =kleach.s2R*(M.s2RS+M.s2RA)*Molweight -> 0.0017243808 | AG68: =(kdis.s2S.s2D*M.s2RS+kdis.s2A.s2D*M.s2RA+kdis.s2P.s2D*M.s2RP)*Molweight -> 0 | AH68: =(kdegS.s2*M.s2RS+kdegA.s2*M.s2RA+kdegP.s2*M.s2RP)*Molweight -> 0 | AK68: =((k.aRS.s2RS*M.aRS+k.aRA.s2RA*M.aRA+k.aRP.s2RP*M.aRP)+(k.cwRS.s2RS*M.cwRS+k.cwRA.s2RA*M.cwRA+k.cwRP.s2RP*M.cwRP))*Molweight -> 0.01848047 | AM68: =(k.s2RS.w1RS*M.s2RS+k.s2RA.w1RA*M.s2RA+k.s2RP.w1RP*M.s2RP)*Molweight -> 0.30603284 | AP68: =SUM(AC68,AD68,AK68)-SUM(AE68,AF68,AH68,AL68,AM68,AP67,AG68) -> 0.027132039
B69: * PORE WATER | C69: =C68*FRACw.sdR -> 0 | D69: =C69/$C$103 -> 0 | E69: =E68*FRACw.sdC -> 0 | F69: =E69/$E$103 -> 0 | G69: =FRACw.sdM*G68 -> 0 | H69: =G69/$G$103 -> 0 | I69: =FRACw.sdA*I68 -> 0 | J69: =I69/$I$103 -> 0 | K69: =FRACw.sdT*K68 -> 0 | L69: =K69/$K$103 -> 0 | M69: =M70/Kp.sd2R -> 0 | N69: =N70/Kp.sd2C -> 0 | O69: =O70/Kp.sdM -> 0 | P69: =P70/Kp.sdA -> 0 | Q69: =Q70/Kp.sdT -> 0 | R69: g.L-1 | S69: =S68*FRACw.sdR -> 0 | T69: =T68*FRACw.sdC -> 0 | U69: =U68*FRACw.sdM -> 0 | V69: =V68*FRACw.sdA -> 0 | W69: =W68*FRACw.sdT -> 0 | AA69: other soil | AB69: s3R | AC69: =E.s3RS*Molweight -> 0 | AF69: =kleach.s3R*(M.s3RS+M.s3RA)*Molweight -> 1.7283264e-05 | AG69: =(kdis.s3S.s3D*M.s3RS+kdis.s3A.s3D*M.s3RA+kdis.s3P.s3D*M.s3RP)*Molweight -> 0 | AH69: =(kdegS.s3*M.s3RS+kdegA.s3*M.s3RA+kdegP.s3*M.s3RP)*Molweight -> 0 | AK69: =((k.aRS.s3RS*M.aRS+k.aRA.s3RA*M.aRA+k.aRP.s3RP*M.aRP)+(k.cwRS.s3RS*M.cwRS+k.cwRA.s3RA*M.cwRA+k.cwRP.s3RP*M.cwRP))*Molweight -> 0.0030800784 | AM69: =(k.s3RS.w1RS*M.s3RS+k.s3RA.w1RA*M.s3RA+k.s3RP.w1RP*M.s3RP)*Molweight -> 0.0028075622 | AP69: =SUM(AC69,AD69,AK69)-SUM(AE69,AF69,AH69,AL69,AM69,AP68,AG69) -> -0.026876806 | BN69: C | BP69: =AD22 -> 0
B70: * SOLID PHASE | C70: =C68*FRACs.sdR -> 0 | D70: =C70/$C$103 -> 0 | E70: =E68*FRACs.sdC -> 0 | F70: =E70/$E$103 -> 0 | G70: =(1-FRACw.sdM)*G68 -> 0 | H70: =G70/$G$103 -> 0 | I70: =(1-FRACw.sdA)*I68 -> 0 | J70: =I70/$I$103 -> 0 | K70: =(1-FRACw.sdT)*K68 -> 0 | L70: =K70/$K$103 -> 0 | M70: =C.sd2R*FRACs.sdR/(FRACw.sdR/(Kp.sd2R*RHOsolid/1000)+FRACs.sdR)*(Molweight*1000)/(FRACs.sdR*RHOsolid) -> 0 | N70: =C.sd2C*FRACs.sdC/(FRACw.sdC/(Kp.sd2C*RHOsolid/1000)+FRACs.sdC)*(Molweight*1000)/(FRACs.sdC*RHOsolid) -> 0 | O70: =C.sdM*FRACs.sdM/(FRACw.sdM/(Kp.sdM*RHOsolid/1000)+FRACs.sdM)*(Molweight*1000)/(FRACs.sdM*RHOsolid) -> 0 | P70: =C.sdA*FRACs.sdA/(FRACw.sdA/(Kp.sdA*RHOsolid/1000)+FRACs.sdA)*(Molweight*1000)/(FRACs.sdA*RHOsolid) -> 0 | Q70: =C.sdT*FRACs.sdT/(FRACw.sdT/(Kp.sdT*RHOsolid/1000)+FRACs.sdT)*(Molweight*1000)/(FRACs.sdT*RHOsolid) -> 0 | R70: g.kg(d)-1 | S70: =S68*(1-FRACw.sdR) -> 0 | T70: =T68*(1-FRACw.sdC) -> 0 | U70: =U68*(1-FRACw.sdM) -> 0 | V70: =V68*(1-FRACw.sdA) -> 0 | W70: =W68*(1-FRACw.sdT) -> 0 | AA70: Continetal Scale | BN70: =AE22 -> 0 | BP70: C | BY70: / / / / / / / / / /
B71: Solid species (S) | C71: =M.sd2RS*Molweight -> 2.2284655e-09 | D71: =C71/$C$103 -> 1.3468682e-19 | E71: =M.sd2CS*Molweight -> 9.7112942e-10 | F71: =E71/$E$103 -> 2.9614831e-20 | G71: =M.sdMS*Molweight -> 1.5959261e-16 | H71: =G71/$G$103 -> 3.085357e-29 | I71: =M.sdAS*Molweight -> 3.3356238e-18 | J71: =I71/$I$103 -> 9.7569225e-31 | K71: =M.sdTS*Molweight -> 4.9560783e-18 | L71: =K71/$K$103 -> 3.8776918e-31 | M71: =C.sd2RS*(Molweight*1000)/(FRACw.sdR*1000+FRACs.sdR*RHOsolid) -> 5.7140141e-17 | N71: =C.sd2CS*(Molweight*1000)/(FRACw.sdC*1000+FRACs.sdC*RHOsolid) -> 6.7056302e-21 | O71: =C.sdMS*(Molweight*1000)/(FRACw.sdM*1000+FRACs.sdM*RHOsolid) -> 1.0550615e-28 | P71: =C.sdAS*(Molweight*1000)/(FRACw.sdA*1000+FRACs.sdA*RHOsolid) -> 3.3540712e-30 | Q71: =C.sdTS*(Molweight*1000)/(FRACw.sdT*1000+FRACs.sdT*RHOsolid) -> 1.4238536e-30 | R71: g.kg(w)-1 | AA71: air | AB71: aC | AC71: =E.aCS*Molweight -> 0 | AD71: =(k.aR.aC*(M.aRS+M.aRA+M.aRP)+k.aM.aC*(M.aMS+M.aMA+M.aMP))*Molweight -> 0.33189766 | AE71: =(k.aC.aM+k.aC.aR)*(M.aCS+M.aCA+M.aCP)*Molweight -> 0.20980274 | AF71: =kesc.aC*VOLUME.aC*(C.aCS+C.aCA+C.aCP)*Molweight -> 4.5688547e-05 | AH71: =(kdegS.a*C.aCS+kdegA.a*C.aCA+kdegP.a*C.aCP)*VOLUME.aC*Molweight -> 0 | AI71: =SUM(AI72:AI74,AK77:AK79) -> 0.12204922 | AJ71: =SUM(AJ72:AJ74,AL77:AL79) -> 0 | AP71: =SUM(AC71,AD71,AJ71,AL71)-SUM(AE71,AF71,AH71,AI71,AK71) -> 0 | BY71: / / / / / / / / / /
B72: Species attached to NCs (<450 nm) (A) | C72: =M.sd2RA*Molweight -> 384097.03 | D72: =C72/$C$103 -> 2.3214543e-05 | E72: =M.sd2CA*Molweight -> 8.1032899e+08 | F72: =E72/$E$103 -> 0.024711182 | G72: =M.sdMA*Molweight -> 8.4789337e+09 | H72: =G72/$G$103 -> 0.0016392074 | I72: =M.sdAA*Molweight -> 5.56508e+09 | J72: =I72/$I$103 -> 0.0016278231 | K72: =M.sdTA*Molweight -> 2.0998016e+10 | L72: =K72/$K$103 -> 0.0016429086 | M72: =C.sd2RA*(Molweight*1000)/(FRACw.sdR*1000+FRACs.sdR*RHOsolid) -> 0.0098486419 | N72: =C.sd2CA*(Molweight*1000)/(FRACw.sdC*1000+FRACs.sdC*RHOsolid) -> 0.0055953063 | O72: =C.sdMA*(Molweight*1000)/(FRACw.sdM*1000+FRACs.sdM*RHOsolid) -> 0.0056053951 | P72: =C.sdAA*(Molweight*1000)/(FRACw.sdA*1000+FRACs.sdA*RHOsolid) -> 0.0055958572 | Q72: =C.sdTA*(Molweight*1000)/(FRACw.sdT*1000+FRACs.sdT*RHOsolid) -> 0.0060326125 | R72: g.kg(w)-1 | AA72: fresh water lakes | AB72: w0C | AD72: =k.w1C.w0C*(M.w1CS+M.w1CA+M.w1CP)*Molweight -> 0 | AE72: =(k.w0C.w1C+k.w0C.w2C)*(M.w0CS+M.w0CA+M.w0CP)*Molweight -> 0.0021192635 | AG72: =(kdis.w0S.w0D*M.w0CS+kdis.w0A.w0D*M.w0CA+kdis.w0P.w0D*M.w0CP)*Molweight -> 0 | AH72: =(kdegS.w0*M.w0CS+kdegA.w0*M.w0CA+kdegP.w0*M.w0CP)*Molweight -> 0 | AI72: =((k.aCS.w0CS*M.aCS+k.aCA.w0CA*M.aCA+k.aCP.w0CP*M.aCP)+(k.cwCS.w0CS*M.cwCS+k.cwCA.w0CA*M.cwCA+k.cwCP.w0CP*M.cwCP))*Molweight -> 0.00022837597 | AN72: =(k.w0CS.sd0CS*M.w0CS+k.w0CA.sd0CA*M.w0CA+k.w0CP.sd0CP*M.w0CP)*Molweight -> 0.00050641438 | AO72: =(k.sd0CS.w0CS*M.sd0CS+k.sd0CA.w0CA*M.sd0CA+k.sd0CP.w0CP*M.sd0CP)*Molweight -> 0 | AP72: =SUM(AC72,AD72,AI72,AM72,AO72)-SUM(AF72,AE72,AH72,AJ72,AN72,AG72) -> -0.0023973019 | BR72: =AH22 -> 0
B73: Species attached to suspended particles (>450 nm) (P) | C73: =M.sd2RP*Molweight -> 1541288 | D73: =C73/$C$103 -> 9.3154317e-05 | E73: =M.sd2CP*Molweight -> 6643596.2 | F73: =E73/$E$103 -> 0.0002025981 | G73: =M.sdMP*Molweight -> 1.2741921e+08 | H73: =G73/$G$103 -> 2.4633581e-05 | I73: =M.sdAP*Molweight -> 41402935 | J73: =I73/$I$103 -> 1.2110635e-05 | K73: =M.sdTP*Molweight -> 6.9066661e+08 | L73: =K73/$K$103 -> 5.4038538e-05 | M73: =C.sd2RP*(Molweight*1000)/(FRACw.sdR*1000+FRACs.sdR*RHOsolid) -> 0.039520206 | N73: =C.sd2CP*(Molweight*1000)/(FRACw.sdC*1000+FRACs.sdC*RHOsolid) -> 4.5873906e-05 | O73: =C.sdMP*(Molweight*1000)/(FRACw.sdM*1000+FRACs.sdM*RHOsolid) -> 8.4236417e-05 | P73: =C.sdAP*(Molweight*1000)/(FRACw.sdA*1000+FRACs.sdA*RHOsolid) -> 4.163191e-05 | Q73: =C.sdTP*(Molweight*1000)/(FRACw.sdT*1000+FRACs.sdT*RHOsolid) -> 0.00019842465 | R73: g.kg(w)-1 | AA73: fresh water | AB73: w1C | AC73: =E.w1CS*Molweight -> 0 | AD73: =k.w0C.w1C*(M.w0CS+M.w0CA+M.w0CP)*Molweight -> 0.0021192635 | AE73: =(k.w1C.w0C+k.w1C.w1R+k.w1C.w2C)*(M.w1CS+M.w1CA+M.w1CP)*Molweight -> 0.029563968 | AG73: =(kdis.w1S.w1D*M.w1CS+kdis.w1A.w1D*M.w1CA+kdis.w1P.w1D*M.w1CP)*Molweight -> 0 | AH73: =(kdegS.w1*M.w1CS+kdegA.w1*M.w1CA+kdegP.w1*M.w1CP)*Molweight -> 0 | AI73: =((k.aCS.w1CS*M.aCS+k.aCA.w1CA*M.aCA+k.aCP.w1CP*M.aCP)+(k.cwCS.w1CS*M.cwCS+k.cwCA.w1CA*M.cwCA+k.cwCP.w1CP*M.cwCP))*Molweight -> 0.0025121356 | AM73: =(k.s1CS.w1CS*M.s1CS+k.s1CA.w1CA*M.s1CA+k.s1CP.w1CP*M.s1CP+k.s2CS.w1CS*M.s2CS+k.s2CA.w1CA*M.s2CA+k.s2CP.w1CP*M.s2CP+k.s3CS.w1CS*M.s3CS+k.s3CA.w1CA*M.s3CA+k.s3CP.w1CP*M.s3CP)*Molweight -> 0.026370321 | AN73: =(k.w1CS.sd1CS*M.w1CS+k.w1CA.sd1CA*M.w1CA+k.w1CP.sd1CP*M.w1CP)*Molweight -> 0.014474007 | AO73: =(k.sd1CS.w1CS*M.sd1CS+k.sd1CA.w1CA*M.sd1CA+k.sd1CP.w1CP*M.sd1CP)*Molweight -> 0.013036255 | AP73: =SUM(AC73,AD73,AI73,AM73,AO73)-SUM(AF73,AE73,AH73,AJ73,AN73,AG73) -> 0 | BP73: =AC22 -> 0
AA74: coastal sea water | AB74: w2C | AC74: =E.w2CS*Molweight -> 0 | AD74: =(k.w2M.w2C*(M.w2MS+M.w2MA+M.w2MP)+k.w2R.w2C*(M.w2RS+M.w2RA+M.w2RP)+k.w1C.w2C*(M.w1CS+M.w1CA+M.w1CP))*Molweight -> 1010.2794 | AE74: =(k.w2C.w2M+k.w2C.w2R)*(M.w2CS+M.w2CA+M.w2CP)*Molweight -> 1009.6235 | AG74: =(kdis.w2S.w2D*M.w2CS+kdis.w2A.w2D*M.w2CA+kdis.w2P.w2D*M.w2CP)*Molweight -> 0 | AH74: =(kdegS.w2*M.w2CS+kdegA.w2*M.w2CA+kdegP.w2*M.w2CP)*Molweight -> 0 | AI74: =((k.aCS.w2CS*M.aCS+k.aCA.w2CA*M.aCA+k.aCP.w2CP*M.aCP)+(k.cwCS.w2CS*M.cwCS+k.cwCA.w2CA*M.cwCA+k.cwCP.w2CP*M.cwCP))*Molweight -> 0.090353165 | AN74: =(k.w2CS.sd2CS*M.w2CS+k.w2CA.sd2CA*M.w2CA+k.w2CP.sd2CP*M.w2CP)*Molweight -> 7.8797511 | AO74: =(k.sd2CS.w2CS*M.sd2CS+k.sd2CA.w2CA*M.sd2CA+k.sd2CP.w2CP*M.sd2CP)*Molweight -> 7.1335828 | AP74: =SUM(AC74,AD74,AI74,AM74,AO74)-SUM(AF74,AE74,AH74,AJ74,AN74,AG74) -> 0 | BX74: =IF(AL28<0,"",AL28) -> 0 | BZ74: =IF(AL30<0,"",AL30) -> 0 | CB74: =IF(AL29<0,"",AL29) -> 0
B75: Natural soil | C75: =SUM(C76,C79:C81) -> 70634038 | D75: =C75/$C$103 -> 0.0042690694 | E75: =SUM(E76,E79:E81) -> 12848016 | F75: =E75/$E$103 -> 0.00039180341 | M75: =((M.s1RD+M.s1RS+M.s1RA+M.s1RP)*Molweight*1000/(VOLUME.s1R))/(FRACw.s1R*1000+(1-FRACa.s1R-FRACw.s1R)*RHOsolid) -> 0.013465179 | N75: =((M.s1CD+M.s1CS+M.s1CA+M.s1CP)*Molweight*1000/(VOLUME.s1C))/(FRACw.s1C*1000+(1-FRACa.s1C-FRACw.s1C)*RHOsolid) -> 0.00016060014 | R75: g.kg(w)-1 | AA75: fresh water sediment | AB75: sd1C | AF75: =kbur.sd1C*(M.sd1CS+M.sd1CA+M.sd1CP)*Molweight -> 0.0014377513 | AG75: =(kdis.sd1S.sd1D*M.sd1CS+kdis.sd1A.sd1D*M.sd1CA+kdis.sd1P.sd1D*M.sd1CP)*Molweight -> 0 | AH75: =(kdegS.sd1*M.sd1CS+kdegA.sd1*M.sd1CA+kdegP.sd1*M.sd1CP)*Molweight -> 0 | AN75: =AN73 -> 0.014474007 | AO75: =AO73 -> 0.013036255 | AP75: =SUM(AC75,AD75,AN75)-SUM(AE75,AF75,AH75,AO75,AG75) -> 0 | BV75: =IF(AJ23<0,"",AJ23) -> 0
B76: Dissolved/Gas species (G/D) | C76: =M.s1R*Molweight -> 0 | D76: =C76/$C$103 -> 0 | E76: =M.s1C*Molweight -> 0 | F76: =E76/$E$103 -> 0 | M76: =C.s1R*(Molweight*1000)/(FRACw.s1R*1000+(1-FRACa.s1R-FRACw.s1R)*RHOsolid) -> 0 | N76: =C.s1C*(Molweight*1000)/(FRACw.s1C*1000+(1-FRACa.s1C-FRACw.s1C)*RHOsolid) -> 0 | R76: g.kg(w)-1 | S76: =F.s1R -> 0 | T76: =F.s1C -> 0 | AA76: coastal marine sediment | AB76: sd2C | AF76: =kbur.sd2C*(M.sd2CS+M.sd2CA+M.sd2CP)*Molweight -> 0.7461683 | AG76: =(kdis.sd2S.sd2D*M.sd2CS+kdis.sd2A.sd2D*M.sd2CA+kdis.sd2P.sd2D*M.sd2CP)*Molweight -> 0 | AH76: =(kdegS.sd2*M.sd2CS+kdegA.sd2*M.sd2CA+kdegP.sd2*M.sd2CP)*Molweight -> 0 | AN76: =AN74 -> 7.8797511 | AO76: =AO74 -> 7.1335828 | AP76: =SUM(AC76,AD76,AN76)-SUM(AE76,AF76,AH76,AO76,AG76) -> 0 | BQ76: =IF(AJ25<0,"",AJ25) -> 0 | BT76: =IF(AJ24<0,"",AJ24) -> 0
B77: * PORE WATER / GROUNDWATER | C77: =C76*FRwD.s1R -> 0 | D77: =C77/$C$103 -> 0 | E77: =E76*FRw.s1C -> 0 | F77: =E77/$E$103 -> 0 | M77: =M78/Kp.s1R -> 0 | N77: =N78/Kp.s1C -> 0 | R77: g.L-1 | S77: =S76*FRACw.s1R -> 0 | T77: =T76*FRACw.s1C -> 0 | AA77: natural soil | AB77: s1C | AC77: =E.s1CS*Molweight -> 0 | AF77: =kleach.s1C*(M.s1CS+M.s1CA)*Molweight -> 5.230695e-05 | AG77: =(kdis.s1S.s1D*M.s1CS+kdis.s1A.s1D*M.s1CA+kdis.s1P.s1D*M.s1CP)*Molweight -> 0 | AH77: =(kdegS.s1*M.s1CS+kdegA.s1*M.s1CA+kdegP.s1*M.s1CP)*Molweight -> 0 | AK77: =((k.aCS.s1CS*M.aCS+k.aCA.s1CA*M.aCA+k.aCP.s1CP*M.aCP)+(k.cwCS.s1CS*M.cwCS+k.cwCA.s1CA*M.cwCA+k.cwCP.s1CP*M.cwCP))*Molweight -> 0.0080597914 | AM77: =(k.s1CS.w1CS*M.s1CS+k.s1CA.w1CA*M.s1CA+k.s1CP.w1CP*M.s1CP)*Molweight -> 0.0073401941 | AP77: =SUM(AC77,AD77,AK77)-SUM(AE77,AF77,AH77,AL77,AM77,AP76,AG77) -> 0.00066729037
B78: * SOLID PHASE | C78: =C76*FRs.s1R -> 0 | D78: =C78/$C$103 -> 0 | E78: =E76*FRs.s1C -> 0 | F78: =E78/$E$103 -> 0 | M78: =C.s1R*FRs.s1R*(Molweight*1000)/(FRACs.s1R*RHOsolid) -> 0 | N78: =C.s1C*FRs.s1C*(Molweight*1000)/(FRACs.s1C*RHOsolid) -> 0 | R78: g.kg(d)-1 | S78: =S76*(1-FRACw.s1R) -> 0 | T78: =T76*(1-FRACw.s1C) -> 0 | AA78: agricultural soil | AB78: s2C | AC78: =E.s2CS*Molweight -> 0 | AF78: =kleach.s2C*(M.s2CS+M.s2CA)*Molweight -> 0.00011624467 | AG78: =(kdis.s2S.s2D*M.s2CS+kdis.s2A.s2D*M.s2CA+kdis.s2P.s2D*M.s2CP)*Molweight -> 0 | AH78: =(kdegS.s2*M.s2CS+kdegA.s2*M.s2CA+kdegP.s2*M.s2CP)*Molweight -> 0 | AK78: =((k.aCS.s2CS*M.aCS+k.aCA.s2CA*M.aCA+k.aCP.s2CP*M.aCP)+(k.cwCS.s2CS*M.cwCS+k.cwCA.s2CA*M.cwCA+k.cwCP.s2CP*M.cwCP))*Molweight -> 0.017910648 | AM78: =(k.s2CS.w1CS*M.s2CS+k.s2CA.w1CA*M.s2CA+k.s2CP.w1CP*M.s2CP)*Molweight -> 0.016311536 | AP78: =SUM(AC78,AD78,AK78)-SUM(AE78,AF78,AH78,AL78,AM78,AP77,AG78) -> 0.00081557654
B79: Solid species (S) | C79: =M.s1RS*Molweight -> 0.25439012 | D79: =C79/$C$103 -> 1.5375152e-11 | E79: =M.s1CS*Molweight -> 0.044659882 | F79: =E79/$E$103 -> 1.3619141e-12 | M79: =C.s1RS*(Molweight*1000)/(FRACw.s1R*1000+(1-FRACa.s1R-FRACw.s1R)*RHOsolid) -> 4.8495152e-11 | N79: =C.s1CS*(Molweight*1000)/(FRACw.s1C*1000+(1-FRACa.s1C-FRACw.s1C)*RHOsolid) -> 5.5824833e-13 | R79: g.kg(w)-1 | AA79: other soil | AB79: s3C | AC79: =E.s3CS*Molweight -> 0 | AF79: =kleach.s3C*(M.s3CS+M.s3CA)*Molweight -> 1.9372945e-05 | AG79: =(kdis.s3S.s3D*M.s3CS+kdis.s3A.s3D*M.s3CA+kdis.s3P.s3D*M.s3CP)*Molweight -> 0 | AH79: =(kdegS.s3*M.s3CS+kdegA.s3*M.s3CA+kdegP.s3*M.s3CP)*Molweight -> 0 | AK79: =((k.aCS.s3CS*M.aCS+k.aCA.s3CA*M.aCA+k.aCP.s3CP*M.aCP)+(k.cwCS.s3CS*M.cwCS+k.cwCA.s3CA*M.cwCA+k.cwCP.s3CP*M.cwCP))*Molweight -> 0.0029851079 | AM79: =(k.s3CS.w1CS*M.s3CS+k.s3CA.w1CA*M.s3CA+k.s3CP.w1CP*M.s3CP)*Molweight -> 0.0027185904 | AP79: =SUM(AC79,AD79,AK79)-SUM(AE79,AF79,AH79,AL79,AM79,AP78,AG79) -> -0.00056843196 | BT79: =AM24 -> 0
B80: Species attached to NCs (<450 nm) (A) | C80: =M.s1RA*Molweight -> 49106.519 | D80: =C80/$C$103 -> 2.9679619e-06 | E80: =M.s1CA*Molweight -> 55044.117 | F80: =E80/$E$103 -> 1.6785839e-06 | M80: =C.s1RA*(Molweight*1000)/(FRACw.s1R*1000+(1-FRACa.s1R-FRACw.s1R)*RHOsolid) -> 9.361323e-06 | N80: =C.s1CA*(Molweight*1000)/(FRACw.s1C*1000+(1-FRACa.s1C-FRACw.s1C)*RHOsolid) -> 6.8805123e-07 | R80: g.kg(w)-1 | AA80: Global Scale - Moderate climate zone | BQ80: =IF(AI25<0,"",AI25) -> 0 | BT80: =IF(AI24<0,"",AI24) -> 0 | BV80: =IF(AI23<0,"",AI23) -> 0 | BX80: =IF(AK28<0,"",AK28) -> 0 | BZ80: =IF(AK30<0,"",AK30) -> 0 | CB80: =IF(AK29<0,"",AK29) -> 0
B81: Species attached to suspended particles (>450 nm) (P) | C81: =M.s1RP*Molweight -> 70584932 | D81: =C81/$C$103 -> 0.0042661014 | E81: =M.s1CP*Molweight -> 12792972 | F81: =E81/$E$103 -> 0.00039012483 | M81: =C.s1RP*(Molweight*1000)/(FRACw.s1R*1000+(1-FRACa.s1R-FRACw.s1R)*RHOsolid) -> 0.013455817 | N81: =C.s1CP*(Molweight*1000)/(FRACw.s1C*1000+(1-FRACa.s1C-FRACw.s1C)*RHOsolid) -> 0.00015991209 | R81: g.kg(w)-1 | AA81: air | AB81: aM | AC81: =E.aMS*Molweight -> 0 | AD81: =(k.aC.aM*(M.aCS+M.aCA+M.aCP)+k.aA.aM*(M.aAS+M.aAA+M.aAP)+k.aT.aM*(M.aTS+M.aTA+M.aTP))*Molweight -> 0.19272655 | AE81: =(k.aM.aA+k.aM.aC+k.aM.aT)*(M.aMS+M.aMA+M.aMP)*Molweight -> 0.089615553 | AF81: =kesc.aM*VOLUME.aM*(C.aMS+C.aMA+C.aMP)*Molweight -> 2.8189352e-05 | AH81: =(kdegS.a*C.aMS+kdegA.a*C.aMA+kdegP.a*C.aMP)*VOLUME.aM*Molweight -> 0 | AI81: =SUM(AI82,AK85) -> 0.10308281 | AJ81: =SUM(AJ82,AL85) -> 0 | AP81: =SUM(AC81,AD81,AJ81,AL81)-SUM(AE81,AF81,AH81,AI81,AK81) -> 0 | BN81: =AE23 -> 0
AA82: upper ocean water | AB82: w2M | AC82: =E.w2MS*Molweight -> 0 | AD82: =(k.w2C.w2M*(M.w2CS+M.w2CA+M.w2CP)+k.w2A.w2M*(M.w2AS+M.w2AA+M.w2AP)+k.w2T.w2M*(M.w2TS+M.w2TA+M.w2TP)+k.w3M.w2M*(M.w3MS+M.w3MA+M.w3MP))*Molweight -> 48951.076 | AE82: =((k.w2M.w2C+k.w2M.w2A+k.w2M.w2T)*(M.w2MS+M.w2MA+M.w2MP)+k.w2MS.w3MS*M.w2MS+k.w2MA.w3MA*M.w2MA+k.w2MP.w3MP*M.w2MP)*Molweight -> 48951.179 | AG82: =(kdis.w2S.w2D*M.w2MS+kdis.w2A.w2D*M.w2MA+kdis.w2P.w2D*M.w2MP)*Molweight -> 0 | AH82: =(kdegS.w2*C.w2MS+kdegA.w2*C.w2MA+kdegP.w2*C.w2MP)*VOLUME.w2M*Molweight -> 0 | AI82: =((k.aMS.w2MS*M.aMS+k.aMA.w2MA*M.aMA+k.aMP.w2MP*M.aMP)+(k.cwMS.w2MS*M.cwMS+k.cwMA.w2MA*M.cwMA+k.cwMP.w2MP*M.cwMP))*Molweight -> 0.068472779 | AM82: =(k.sMS.w2MS*M.sMS+k.sMA.w2MA*M.sMA+k.sMP.w2MP*M.sMP)*Molweight -> 0.034378879 | AP82: =SUM(AC82,AD82,AI82,AM82)-SUM(AE82,AF82,AH82,AJ82,AG82) -> 0 | BN82: =AE24 -> 0 | BS82: =AD24 -> 0
B83: Agricultural soil | C83: =SUM(C84,C87:C89) -> 1.6384678e+10 | D83: =C83/$C$103 -> 0.99027793 | E83: =SUM(E84,E87:E89) -> 1.1398451e+08 | F83: =E83/$E$103 -> 0.0034759856 | M83: =((M.s2RD+M.s2RS+M.s2RA+M.s2RP)*Molweight*1000/(VOLUME.s2R))/(FRACw.s2R*1000+(1-FRACa.s2R-FRACw.s2R)*RHOsolid) -> 0.35138929 | N83: =((M.s2CD+M.s2CS+M.s2CA+M.s2CP)*Molweight*1000/(VOLUME.s2C))/(FRACw.s2C*1000+(1-FRACa.s2C-FRACw.s2C)*RHOsolid) -> 0.00016029066 | R83: g.kg(w)-1 | AA83: deep sea | AB83: w3M | AD83: =(k.w2MS.w3MS*M.w2MS+k.w2MA.w3MA*M.w2MA+k.w2MP.w3MP*M.w2MP+k.w3A.w3M*(M.w3AS+M.w3AA+M.w3AP)+k.w3T.w3M*(M.w3TS+M.w3TA+M.w3TP))*Molweight -> 47941.993 | AE83: =(k.w3M.w2M+k.w3M.w3A+k.w3M.w3T)*(M.w3MS+M.w3MA+M.w3MP)*Molweight -> 47941.968 | AG83: =(kdis.w2S.w2D*M.w3MS+kdis.w2A.w2D*M.w3MA+kdis.w2P.w2D*M.w3MP)*Molweight -> 0 | AH83: =(kdegS.w3*C.w3MS+kdegA.w3*C.w3MA+kdegP.w3*C.w3MP)*VOLUME.w3M*Molweight -> 0 | AN83: =(k.w3MS.sdMS*M.w3MS+k.w3MA.sdMA*M.w3MA+k.w3MP.sdMP*M.w3MP)*Molweight -> 83.008805 | AO83: =(k.sdMS.w3MS*M.sdMS+k.sdMA.w3MA*M.sdMA+k.sdMP.w3MP*M.sdMP)*Molweight -> 82.983124 | AP83: =SUM(AC83,AD83,AI83,AM83,AO83)-SUM(AE83,AF83,AH83,AJ83,AN83,AG83) -> 0 | BN83: =AE25 -> 0 | BP83: =AD25 -> 0 | BT83: =AH24 -> 0 | BV83: =AH23 -> 0
B84: Dissolved/Gas species (G/D) | C84: =M.s2R*Molweight -> 0 | D84: =C84/$C$103 -> 0 | E84: =M.s2C*Molweight -> 0 | F84: =E84/$E$103 -> 0 | M84: =C.s2R*(Molweight*1000)/(FRACw.s2R*1000+(1-FRACa.s2R-FRACw.s2R)*RHOsolid) -> 0 | N84: =C.s2C*(Molweight*1000)/(FRACw.s2C*1000+(1-FRACa.s2C-FRACw.s2C)*RHOsolid) -> 0 | R84: g.kg(w)-1 | S84: =F.s2R -> 0 | T84: =F.s2C -> 0 | AA84: ocean sediment | AB84: sdM | AF84: =kbur.sdM*(M.sdMS+M.sdMA+M.sdMP)*Molweight -> 0.025680792 | AG84: =(kdis.sd2S.sd2D*M.sdMS+kdis.sd2A.sd2D*M.sdMA+kdis.sd2P.sd2D*M.sdMP)*Molweight -> 0 | AH84: =(kdegS.sd2*C.sdMS+kdegA.sd2*C.sdMA+kdegP.sd2*C.sdMP)*VOLUME.sdM*Molweight -> 0 | AN84: =AN83 -> 83.008805 | AO84: =AO83 -> 82.983124 | AP84: =SUM(AC84,AD84,AN84)-SUM(AE84,AF84,AH84,AO84,AG84) -> 0 | BV84: =AC23 -> 0
B85: * PORE WATER / GROUNDWATER | C85: =C84*FRwD.s2R -> 0 | D85: =C85/$C$103 -> 0 | E85: =E84*FRw.s2C -> 0 | F85: =E85/$E$103 -> 0 | M85: =M86/Kp.s2R -> 0 | N85: =N86/Kp.s2C -> 0 | R85: g.L-1 | S85: =S84*FRACw.s2R -> 0 | T85: =T84*FRACw.s2C -> 0 | AA85: soil | AB85: sM | AC85: =E.sMS*Molweight -> 0 | AF85: =kleach.sM*(M.sMS+M.sMA)*Molweight -> 0.00023115468 | AG85: =(kdis.s1S.s1D*M.sMS+kdis.s1A.s1D*M.sMA+kdis.s1P.s1D*M.sMP)*Molweight -> 0 | AH85: =(kdegS.s1*C.sMS+kdegA.s1*C.sMA+kdegP.s1*C.sMP)*VOLUME.sM*Molweight -> 0 | AK85: =((k.aMS.sMS*M.aMS+k.aMA.sMA*M.aMA+k.aMP.sMP*M.aMP)+(k.cwMS.sMS*M.cwMS+k.cwMA.sMA*M.cwMA+k.cwMP.sMP*M.cwMP))*Molweight -> 0.034610033 | AM85: =AM82 -> 0.034378879 | AP85: =SUM(AC85,AD85,AK85)-SUM(AE85,AF85,AH85,AL85,AM85,AG85) -> 0 | BS85: =AC24 -> 0 | BT85: Fresh water: | BV85: Fresh water lake:
B86: * SOLID PHASE | C86: =C84*FRs.s2R -> 0 | D86: =C86/$C$103 -> 0 | E86: =E84*FRs.s2C -> 0 | F86: =E86/$E$103 -> 0 | M86: =C.s2R*FRs.s2R*(Molweight*1000)/(FRACs.s2R*RHOsolid) -> 0 | N86: =C.s2C*FRs.s2C*(Molweight*1000)/(FRACs.s2C*RHOsolid) -> 0 | R86: g.kg(d)-1 | S86: =S84*(1-FRACw.s2R) -> 0 | T86: =T84*(1-FRACw.s2C) -> 0 | AA86: Global Scale - Arctic climate zone | BP86: =AC25 -> 0 | BS86: =IF(AO26<0,"",AO26) -> 0 | BT86: =IF(ISERROR(F36),0,F36) -> 0 | BV86: =IF(ISERROR(E20),0,E20) -> 0 | BX86: Natural soil: | BZ86: Other soil: | CC86: Agricultural soil:
B87: Solid species (S) | C87: =M.s2RS*Molweight -> 15.888594 | D87: =C87/$C$103 -> 9.6029497e-10 | E87: =M.s2CS*Molweight -> 0.099244554 | F87: =E87/$E$103 -> 3.0264871e-12 | M87: =C.s2RS*(Molweight*1000)/(FRACw.s2R*1000+(1-FRACa.s2R-FRACw.s2R)*RHOsolid) -> 3.4075017e-10 | N87: =C.s2CS*(Molweight*1000)/(FRACw.s2C*1000+(1-FRACa.s2C-FRACw.s2C)*RHOsolid) -> 1.395626e-13 | R87: g.kg(w)-1 | AA87: air | AB87: aA | AC87: =E.aAS*Molweight -> 0 | AD87: =k.aM.aA*(M.aMS+M.aMA+M.aMP)*Molweight -> 0.029189497 | AE87: =k.aA.aM*(M.aAS+M.aAA+M.aAP)*Molweight -> 0.010917333 | AF87: =kesc.aA*VOLUME.aA*(C.aAS+C.aAA+C.aAP)*Molweight -> 5.7764843e-06 | AH87: =(kdegS.a*C.aAS+kdegA.a*C.aAA+kdegP.a*C.aAP)*VOLUME.aA*Molweight -> 0 | AI87: =SUM(AI88,AK91) -> 0.018266387 | AJ87: =SUM(AJ88,AL91) -> 0 | AP87: =SUM(AC87,AD87,AJ87,AL87)-SUM(AE87,AF87,AH87,AI87,AK87) -> 0 | BX87: =IF(ISERROR(F76),0,F76) -> 0 | BZ87: =IF(ISERROR(F92),0,F92) -> 0 | CC87: =IF(ISERROR(F84),0,F84) -> 0
B88: Species attached to NCs (<450 nm) (A) | C88: =M.s2RA*Molweight -> 3987678.6 | D88: =C88/$C$103 -> 0.00024101237 | E88: =M.s2CA*Molweight -> 268820.02 | F88: =E88/$E$103 -> 8.1977327e-06 | M88: =C.s2RA*(Molweight*1000)/(FRACw.s2R*1000+(1-FRACa.s2R-FRACw.s2R)*RHOsolid) -> 8.5520602e-05 | N88: =C.s2CA*(Molweight*1000)/(FRACw.s2C*1000+(1-FRACa.s2C-FRACw.s2C)*RHOsolid) -> 3.7802802e-07 | R88: g.kg(w)-1 | AA88: upper ocean water | AB88: w2A | AC88: =E.w2AS*Molweight -> 0 | AD88: =(k.w2M.w2A*(M.w2MS+M.w2MA+M.w2MP)+k.w3A.w2A*(M.w3AS+M.w3AA+M.w3AP))*Molweight -> 35872.102 | AE88: =(k.w2A.w2M*(M.w2AS+M.w2AA+M.w2AP)+k.w2AS.w3AS*M.w2AS+k.w2AA.w3AA*M.w2AA+k.w2AP.w3AP*M.w2AP)*Molweight -> 35872.12 | AG88: =(kdis.w2S.w2D*M.w2AS+kdis.w2A.w2D*M.w2AA+kdis.w2P.w2D*M.w2AP)*Molweight -> 0 | AH88: =(kdegS.w2*C.w2AS+kdegA.w2*C.w2AA+kdegP.w2*C.w2AP)*VOLUME.w2A*Molweight -> 0 | AI88: =((k.aAS.w2AS*M.aAS+k.aAA.w2AA*M.aAA+k.aAP.w2AP*M.aAP)+(k.cwAS.w2AS*M.cwAS+k.cwAA.w2AA*M.cwAA+k.cwAP.w2AP*M.cwAP))*Molweight -> 0.014209217 | AM88: =(k.sAS.w2AS*M.sAS+k.sAA.w2AA*M.sAA+k.sAP.w2AP*M.sAP)*Molweight -> 0.0040300311 | AP88: =SUM(AC88,AD88,AI88,AM88)-SUM(AE88,AF88,AH88,AJ88,AG88) -> 0 | BS88: =IF(AN26<0,"",AN26) -> 0 | BT88: =AH26 -> 0
B89: Species attached to suspended particles (>450 nm) (P) | C89: =M.s2RP*Molweight -> 1.6380691e+10 | D89: =C89/$C$103 -> 0.99003691 | E89: =M.s2CP*Molweight -> 1.1371569e+08 | F89: =E89/$E$103 -> 0.0034677879 | M89: =C.s2RP*(Molweight*1000)/(FRACw.s2R*1000+(1-FRACa.s2R-FRACw.s2R)*RHOsolid) -> 0.35130377 | N89: =C.s2CP*(Molweight*1000)/(FRACw.s2C*1000+(1-FRACa.s2C-FRACw.s2C)*RHOsolid) -> 0.00015991263 | R89: g.kg(w)-1 | AA89: deep sea | AB89: w3A | AD89: =(k.w2AS.w3AS*M.w2AS+k.w2AA.w3AA*M.w2AA+k.w2AP.w3AP*M.w2AP+k.w3M.w3A*(M.w3MS+M.w3MA+M.w3MP))*Molweight -> 35872.12 | AE89: =(k.w3A.w2A+k.w3A.w3M)*(M.w3AS+M.w3AA+M.w3AP)*Molweight -> 35872.108 | AG89: =(kdis.w2S.w2D*M.w3AS+kdis.w2A.w2D*M.w3AA+kdis.w2P.w2D*M.w3AP)*Molweight -> 0 | AH89: =(kdegS.w3*C.w3AS+kdegA.w3*C.w3AA+kdegP.w3*C.w3AP)*VOLUME.w3A*Molweight -> 0 | AN89: =(k.w3AS.sdAS*M.w3AS+k.w3AA.sdAA*M.w3AA+k.w3AP.sdAP*M.w3AP)*Molweight -> 54.074874 | AO89: =(k.sdAS.w3AS*M.sdAS+k.sdAA.w3AA*M.sdAA+k.sdAP.w3AP*M.sdAP)*Molweight -> 54.063022 | AP89: =SUM(AC89,AD89,AI89,AM89,AO89)-SUM(AE89,AF89,AH89,AJ89,AN89,AG89) -> 0 | BX89: =AH28 -> 0 | BZ89: =AH30 -> 0 | CC89: =AH29 -> 0
AA90: ocean sediment | AB90: sdA | AF90: =kbur.sdA*(M.sdAS+M.sdAA+M.sdAP)*Molweight -> 0.011852027 | AG90: =(kdis.sd2S.sd2D*M.sdAS+kdis.sd2A.sd2D*M.sdAA+kdis.sd2P.sd2D*M.sdAP)*Molweight -> 0 | AH90: =(kdegS.sd2*C.sdAS+kdegA.sd2*C.sdAA+kdegP.sd2*C.sdAP)*VOLUME.sdA*Molweight -> 0 | AN90: =AN89 -> 54.074874 | AO90: =AO89 -> 54.063022 | AP90: =SUM(AC90,AD90,AN90)-SUM(AE90,AF90,AH90,AO90,AG90) -> 0 | BS90: Fresh water sediment:
B91: Other soil | C91: =SUM(C92,C95:C97) -> 26160755 | D91: =C91/$C$103 -> 0.0015811368 | E91: =SUM(E92,E95:E97) -> 4758524.4 | F91: =E91/$E$103 -> 0.00014511237 | G91: =SUM(G92,G95:G97) -> 3809685.7 | H91: =G91/$G$103 -> 7.3651536e-07 | I91: =SUM(I92,I95:I97) -> 118348.89 | J91: =I91/$I$103 -> 3.4617841e-08 | K91: =SUM(K92,K95:K97) -> 87915.704 | L91: =K91/$K$103 -> 6.8786243e-09 | M91: =((M.s3RD+M.s3RS+M.s3RA+M.s3RP)*Molweight*1000/(VOLUME.s3R))/(FRACw.s3R*1000+(1-FRACa.s3R-FRACw.s3R)*RHOsolid) -> 0.013465179 | N91: =((M.s3CD+M.s3CS+M.s3CA+M.s3CP)*Molweight*1000/(VOLUME.s3C))/(FRACw.s3C*1000+(1-FRACa.s3C-FRACw.s3C)*RHOsolid) -> 0.00016060014 | O91: =((M.sMD+M.sMS+M.sMA+M.sMP)*Molweight*1000/(VOLUME.sM))/(FRACw.sM*1000+(1-FRACa.sM-FRACw.sM)*RHOsolid) -> 1.1555795e-06 | P91: =((M.sAD+M.sAS+M.sAA+M.sAP)*Molweight*1000/(VOLUME.sA))/(FRACw.sA*1000+(1-FRACa.sA-FRACw.sA)*RHOsolid) -> 8.1902346e-08 | Q91: =((M.sTD+M.sTS+M.sTA+M.sTP)*Molweight*1000/(VOLUME.sT))/(FRACw.sT*1000+(1-FRACa.sT-FRACw.sT)*RHOsolid) -> 2.7040586e-08 | R91: g.kg(w)-1 | AA91: soil | AB91: sA | AC91: =E.sAS*Molweight -> 0 | AF91: =kleach.sA*(M.sAS+M.sAA)*Molweight -> 2.7138964e-05 | AG91: =(kdis.s1S.s1D*M.sAS+kdis.s1A.s1D*M.sAA+kdis.s1P.s1D*M.sAP)*Molweight -> 0 | AH91: =(kdegS.s1*C.sAS+kdegA.s1*C.sAA+kdegP.s1*C.sAP)*VOLUME.sA*Molweight -> 0 | AK91: =((k.aAS.sAS*M.aAS+k.aAA.sAA*M.aAA+k.aAP.sAP*M.aAP)+(k.cwAS.sAS*M.cwAS+k.cwAA.sAA*M.cwAA+k.cwAP.sAP*M.cwAP))*Molweight -> 0.0040571701 | AM91: =AM88 -> 0.0040300311 | AP91: =SUM(AC91,AD91,AK91)-SUM(AE91,AF91,AH91,AL91,AM91,AP90,AG91) -> 0 | BT91: =IF(ISERROR(F44),0,F44) -> 0
B92: Dissolved/Gas species (G/D) | C92: =M.s3R*Molweight -> 0 | D92: =C92/$C$103 -> 0 | E92: =M.s3C*Molweight -> 0 | F92: =E92/$E$103 -> 0 | G92: =M.sMD*Molweight -> 0 | H92: =G92/$G$103 -> 0 | I92: =M.sAD*Molweight -> 0 | J92: =I92/$I$103 -> 0 | K92: =M.sTD*Molweight -> 0 | L92: =K92/$K$103 -> 0 | M92: =C.s3R*(Molweight*1000)/(FRACw.s3R*1000+(1-FRACa.s3R-FRACw.s3R)*RHOsolid) -> 0 | N92: =C.s3C*(Molweight*1000)/(FRACw.s3C*1000+(1-FRACa.s3C-FRACw.s3C)*RHOsolid) -> 0 | O92: =C.sM*(Molweight*1000)/(FRACw.sM*1000+(1-FRACa.sM-FRACw.sM)*RHOsolid) -> 0 | P92: =C.sA*(Molweight*1000)/(FRACw.sA*1000+(1-FRACa.sA-FRACw.sA)*RHOsolid) -> 0 | Q92: =C.sT*(Molweight*1000)/(FRACw.sT*1000+(1-FRACa.sT-FRACw.sT)*RHOsolid) -> 0 | R92: g.kg(w)-1 | S92: =F.s3R -> 0 | T92: =F.s3C -> 0 | U92: =F.sM -> 0 | V92: =F.sA -> 0 | W92: =F.sT -> 0 | AA92: Global Scale - Tropical climate zone | BQ92: =AH25 -> 0
B93: * PORE WATER / GROUNDWATER | C93: =C92*FRwD.s3R -> 0 | D93: =C93/$C$103 -> 0 | E93: =E92*FRw.s3C -> 0 | F93: =E93/$E$103 -> 0 | G93: =FRw.sM*G92 -> 0 | H93: =G93/$G$103 -> 0 | I93: =FRw.sA*I92 -> 0 | J93: =I93/$I$103 -> 0 | K93: =FRw.sT*K92 -> 0 | L93: =K93/$K$103 -> 0 | M93: =M94/Kp.s3R -> 0 | N93: =N94/Kp.s3C -> 0 | O93: =O94/Kp.sM -> 0 | P93: =P94/Kp.sA -> 0 | Q93: =Q94/Kp.sT -> 0 | R93: g.L-1 | S93: =S92*FRACw.s3R -> 0 | T93: =T92*FRACw.s3C -> 0 | U93: =U92*FRACw.sM -> 0 | V93: =V92*FRACw.sA -> 0 | W93: =W92*FRACw.sT -> 0 | AA93: air | AB93: aT | AC93: =E.aTS*Molweight -> 0 | AD93: =k.aM.aT*(M.aMS+M.aMA+M.aMP)*Molweight -> 0.050557692 | AE93: =k.aT.aM*(M.aTS+M.aTA+M.aTP)*Molweight -> 0.0094714226 | AF93: =kesc.aT*VOLUME.aT*(C.aTS+C.aTA+C.aTP)*Molweight -> 8.6800627e-06 | AH93: =(kdegS.a*C.aTS+kdegA.a*C.aTA+kdegP.a*C.aTP)*VOLUME.aT*Molweight -> 0 | AI93: =SUM(AI94,AK97) -> 0.041077589 | AJ93: =SUM(AJ94,AL97) -> 0 | AP93: =SUM(AC93,AD93,AJ93,AL93)-SUM(AE93,AF93,AH93,AI93,AK93) -> 0 | BQ93: Seawater:
B94: * SOLID PHASE | C94: =C92*FRs.s3R -> 0 | D94: =C94/$C$103 -> 0 | E94: =E92*FRs.s3C -> 0 | F94: =E94/$E$103 -> 0 | G94: =(1-FRw.sM)*G92 -> 0 | H94: =G94/$G$103 -> 0 | I94: =(1-FRw.sA)*I92 -> 0 | J94: =I94/$I$103 -> 0 | K94: =(1-FRw.sT)*K92 -> 0 | L94: =K94/$K$103 -> 0 | M94: =C.s3R*FRs.s3R*(Molweight*1000)/(FRACs.s3R*RHOsolid) -> 0 | N94: =C.s3C*FRs.s3C*(Molweight*1000)/(FRACs.s3C*RHOsolid) -> 0 | O94: =C.sM*FRs.sM*(Molweight*1000)/(FRACs.sM*RHOsolid) -> 0 | P94: =C.sA*FRs.sA*(Molweight*1000)/(FRACs.sA*RHOsolid) -> 0 | Q94: =C.sT*FRs.sT*(Molweight*1000)/(FRACs.sT*RHOsolid) -> 0 | R94: g.kg(d)-1 | S94: =S92*(1-FRACw.s3R) -> 0 | T94: =T92*(1-FRACw.s3C) -> 0 | U94: =U92*(1-FRACw.sM) -> 0 | V94: =V92*(1-FRACw.sA) -> 0 | W94: =W92*(1-FRACw.sT) -> 0 | AA94: upper ocean water | AB94: w2T | AC94: =E.w2TS*Molweight -> 0 | AD94: =(k.w2M.w2T*(M.w2MS+M.w2MA+M.w2MP)+k.w3T.w2T*(M.w3TS+M.w3TA+M.w3TP))*Molweight -> 93745.688 | AE94: =(k.w2T.w2M*(M.w2TS+M.w2TA+M.w2TP)+k.w2TS.w3TS*M.w2TS+k.w2TA.w3TA*M.w2TA+k.w2TP.w3TP*M.w2TP)*Molweight -> 93745.729 | AG94: =(kdis.w2S.w2D*M.w2TS+kdis.w2A.w2D*M.w2TA+kdis.w2P.w2D*M.w2TP)*Molweight -> 0 | AH94: =(kdegS.w2*C.w2TS+kdegA.w2*C.w2TA+kdegP.w2*C.w2TP)*VOLUME.w2T*Molweight -> 0 | AI94: =((k.aTS.w2TS*M.aTS+k.aTA.w2TA*M.aTA+k.aTP.w2TP*M.aTP)+(k.cwTS.w2TS*M.cwTS+k.cwTA.w2TA*M.cwTA+k.cwTP.w2TP*M.cwTP))*Molweight -> 0.033171313 | AM94: =(k.sTS.w2TS*M.sTS+k.sTA.w2TA*M.sTA+k.sTP.w2TP*M.sTP)*Molweight -> 0.007853372 | AP94: =SUM(AC94,AD94,AI94,AM94)-SUM(AE94,AF94,AH94,AJ94,AG94) -> 0 | BP94: =IF(AO27<0,"",AO27) -> 0 | BQ94: =IF(ISERROR(F52),0,F52) -> 0
B95: Solid species (S) | C95: =M.s3RS*Molweight -> 0.094218564 | D95: =C95/$C$103 -> 5.6945008e-12 | E95: =M.s3CS*Molweight -> 0.016540697 | F95: =E95/$E$103 -> 5.0441263e-13 | G95: =M.sMS*Molweight -> 0.012732593 | H95: =G95/$G$103 -> 2.4615547e-15 | I95: =M.sAS*Molweight -> 0.00013534585 | J95: =I95/$I$103 -> 3.9589565e-17 | K95: =M.sTS*Molweight -> 0.0002077073 | L95: =K95/$K$103 -> 1.6251255e-17 | M95: =C.s3RS*(Molweight*1000)/(FRACw.s3R*1000+(1-FRACa.s3R-FRACw.s3R)*RHOsolid) -> 4.8495152e-11 | N95: =C.s3CS*(Molweight*1000)/(FRACw.s3C*1000+(1-FRACa.s3C-FRACw.s3C)*RHOsolid) -> 5.5824833e-13 | O95: =C.sMS*(Molweight*1000)/(FRACw.sM*1000+(1-FRACa.sM-FRACw.sM)*RHOsolid) -> 3.8621356e-15 | P95: =C.sAS*(Molweight*1000)/(FRACw.sA*1000+(1-FRACa.sA-FRACw.sA)*RHOsolid) -> 9.3664947e-17 | Q95: =C.sTS*(Molweight*1000)/(FRACw.sT*1000+(1-FRACa.sT-FRACw.sT)*RHOsolid) -> 6.3885368e-17 | R95: g.kg(w)-1 | AA95: deep sea | AB95: w3T | AD95: =(k.w2TS.w3TS*M.w2TS+k.w2TA.w3TA*M.w2TA+k.w2TP.w3TP*M.w2TP+k.w3M.w3T*(M.w3MS+M.w3MA+M.w3MP))*Molweight -> 93745.716 | AE95: =(k.w3T.w2T+k.w3T.w3M)*(M.w3TS+M.w3TA+M.w3TP)*Molweight -> 93745.688 | AG95: =(kdis.w2S.w2D*M.w3TS+kdis.w2A.w2D*M.w3TA+kdis.w2P.w2D*M.w3TP)*Molweight -> 0 | AH95: =(kdegS.w3*C.w3TS+kdegA.w3*C.w3TA+kdegP.w3*C.w3TP)*VOLUME.w3T*Molweight -> 0 | AN95: =(k.w3TS.sdTS*M.w3TS+k.w3TA.sdTA*M.w3TA+k.w3TP.sdTP*M.w3TP)*Molweight -> 209.17034 | AO95: =(k.sdTS.w3TS*M.sdTS+k.sdTA.w3TA*M.sdTA+k.sdTP.w3TP*M.sdTP)*Molweight -> 209.14283 | AP95: =SUM(AC95,AD95,AI95,AM95,AO95)-SUM(AE95,AF95,AH95,AJ95,AN95,AG95) -> 0 | CB95: =AC29 -> 0
B96: Species attached to NCs (<450 nm) (A) | C96: =M.s3RA*Molweight -> 18187.599 | D96: =C96/$C$103 -> 1.0992452e-06 | E96: =M.s3CA*Molweight -> 20386.71 | F96: =E96/$E$103 -> 6.2169774e-07 | G96: =M.sMA*Molweight -> 243250.94 | H96: =G96/$G$103 -> 4.702699e-08 | I96: =M.sAA*Molweight -> 79965.594 | J96: =I96/$I$103 -> 2.3390471e-08 | K96: =M.sTA*Molweight -> 29977.665 | L96: =K96/$K$103 -> 2.3454865e-09 | M96: =C.s3RA*(Molweight*1000)/(FRACw.s3R*1000+(1-FRACa.s3R-FRACw.s3R)*RHOsolid) -> 9.361323e-06 | N96: =C.s3CA*(Molweight*1000)/(FRACw.s3C*1000+(1-FRACa.s3C-FRACw.s3C)*RHOsolid) -> 6.8805123e-07 | O96: =C.sMA*(Molweight*1000)/(FRACw.sM*1000+(1-FRACa.sM-FRACw.sM)*RHOsolid) -> 7.378451e-08 | P96: =C.sAA*(Molweight*1000)/(FRACw.sA*1000+(1-FRACa.sA-FRACw.sA)*RHOsolid) -> 5.5339511e-08 | Q96: =C.sTA*(Molweight*1000)/(FRACw.sT*1000+(1-FRACa.sT-FRACw.sT)*RHOsolid) -> 9.2203506e-09 | R96: g.kg(w)-1 | AA96: ocean sediment | AB96: sdT | AF96: =kbur.sdT*(M.sdTS+M.sdTA+M.sdTP)*Molweight -> 0.027509744 | AG96: =(kdis.sd2S.sd2D*M.sdTS+kdis.sd2A.sd2D*M.sdTA+kdis.sd2P.sd2D*M.sdTP)*Molweight -> 0 | AH96: =(kdegS.sd2*C.sdTS+kdegA.sd2*C.sdTA+kdegP.sd2*C.sdTP)*VOLUME.sdT*Molweight -> 0 | AN96: =AN95 -> 209.17034 | AO96: =AO95 -> 209.14283 | AP96: =SUM(AC96,AD96,AN96)-SUM(AE96,AF96,AH96,AO96,AG96) -> 0 | BZ96: =AC30 -> 0
B97: Species attached to suspended particles (>450 nm) (P) | C97: =M.s3RP*Molweight -> 26142567 | D97: =C97/$C$103 -> 0.0015800376 | E97: =M.s3CP*Molweight -> 4738137.7 | F97: =E97/$E$103 -> 0.00014449068 | G97: =M.sMP*Molweight -> 3566434.8 | H97: =G97/$G$103 -> 6.8948837e-07 | I97: =M.sAP*Molweight -> 38383.295 | J97: =I97/$I$103 -> 1.1227371e-08 | K97: =M.sTP*Molweight -> 57938.039 | L97: =K97/$K$103 -> 4.5331378e-09 | M97: =C.s3RP*(Molweight*1000)/(FRACw.s3R*1000+(1-FRACa.s3R-FRACw.s3R)*RHOsolid) -> 0.013455817 | N97: =C.s3CP*(Molweight*1000)/(FRACw.s3C*1000+(1-FRACa.s3C-FRACw.s3C)*RHOsolid) -> 0.00015991209 | O97: =C.sMP*(Molweight*1000)/(FRACw.sM*1000+(1-FRACa.sM-FRACw.sM)*RHOsolid) -> 1.081795e-06 | P97: =C.sAP*(Molweight*1000)/(FRACw.sA*1000+(1-FRACa.sA-FRACw.sA)*RHOsolid) -> 2.6562834e-08 | Q97: =C.sTP*(Molweight*1000)/(FRACw.sT*1000+(1-FRACa.sT-FRACw.sT)*RHOsolid) -> 1.7820235e-08 | R97: g.kg(w)-1 | AA97: soil | AB97: sT | AC97: =E.sTS*Molweight -> 0 | AF97: =kleach.sT*(M.sTS+M.sTA)*Molweight -> 5.2904334e-05 | AG97: =(kdis.s1S.s1D*M.sTS+kdis.s1A.s1D*M.sTA+kdis.s1P.s1D*M.sTP)*Molweight -> 0 | AH97: =(kdegS.s1*C.sTS+kdegA.s1*C.sTA+kdegP.s1*C.sTP)*VOLUME.sT*Molweight -> 0 | AK97: =((k.aTS.sTS*M.aTS+k.aTA.sTA*M.aTA+k.aTP.sTP*M.aTP)+(k.cwTS.sTS*M.cwTS+k.cwTA.sTA*M.cwTA+k.cwTP.sTP*M.cwTP))*Molweight -> 0.0079062764 | AM97: =AM94 -> 0.007853372 | AP97: =SUM(AC97,AD97,AK97)-SUM(AE97,AF97,AH97,AL97,AM97,AP96,AG97) -> 0 | BP97: =IF(AN27<0,"",AN27) -> 0 | BQ97: =AH27 -> 0 | BV97: =AC28 -> 0
AC98: =SUM(AC60:AC97) -> 0.95129376 | AF98: =SUM(AF60:AF97) -> 0.94040099 | AH98: =SUM(AH60:AH97) -> 0 | AP98: =SUM(AP61:AP97) -> -0.029304034 | BP98: Sea water sediment:
B99: Total D | C99: =SUM(C12,C20,C28,C36,C44,C52,C68,C76,C84,C92) -> 0 | D99: =C99/$C$103 -> 0 | E99: =SUM(E12,E20,E28,E36,E44,E52,E68,E76,E84,E92) -> 0 | F99: =E99/$E$103 -> 0 | G99: =SUM(G12,G52,G60,G68,G92) -> 0 | H99: =G99/$G$103 -> 0 | I99: =SUM(I12,I52,I60,I68,I92) -> 0 | J99: =I99/$I$103 -> 0 | K99: =SUM(K12,K52,K60,K68,K92) -> 0 | L99: =K99/$K$103 -> 0 | M99: =(M.aRG+M.w0RD+M.w1RD+M.w2RD+M.sd0RD+M.sd1RD+M.sd2RD+M.s1RD+M.s2RD+M.s3RD)*Molweight/(VOLUME.aR+VOLUME.cwR+VOLUME.w0R+VOLUME.w1R+VOLUME.w2R+VOLUME.sd0R+VOLUME.sd1R+VOLUME.sd2R+VOLUME.s1R+VOLUME.s2R+VOLUME.s3R) -> 0 | N99: =(M.aCG+M.w0CD+M.w1CD+M.w2CD+M.sd0CD+M.sd1CD+M.sd2CD+M.s1CD+M.s2CD+M.s3CD)*Molweight/(VOLUME.aC+VOLUME.cwC+VOLUME.w0C+VOLUME.w1C+VOLUME.w2C+VOLUME.sd0C+VOLUME.sd1C+VOLUME.sd2C+VOLUME.s1C+VOLUME.s2C+VOLUME.s3C) -> 0 | O99: =(M.aMG+M.w2MD+M.w3MD+M.sdMD+M.sMD)*Molweight/(VOLUME.aM+VOLUME.cwM+VOLUME.w2M+VOLUME.w3M+VOLUME.sdM+VOLUME.sM) -> 0 | P99: =(M.aAG+M.w2AD+M.w3AD+M.sdAD+M.sAD)*Molweight/(VOLUME.aA+VOLUME.cwA+VOLUME.w2A+VOLUME.w3A+VOLUME.sdA+VOLUME.sA) -> 0 | Q99: =(M.aTG+M.w2TD+M.w3TD+M.sdTD+M.sTD)*Molweight/(VOLUME.aT+VOLUME.cwT+VOLUME.w2T+VOLUME.w3T+VOLUME.sdT+VOLUME.sT) -> 0 | R99: g.L-1 | S99: =SUM(S12,S20,S36,S44,S52,S68,S76,S84,S92) -> 0 | T99: =SUM(T12,T20,T36,T44,T52,T68,T76,T84,T92) -> 0 | U99: =SUM(U12,U20,U36,U44,U52,U68,U76,U84,U92) -> 0 | V99: =SUM(V12,V20,V36,V44,V52,V68,V76,V84,V92) -> 0 | W99: =SUM(W12,W20,W36,W44,W52,W68,W76,W84,W92) -> 0 | BQ99: =IF(ISERROR(F68),0,F68) -> 0
B100: Total S | C100: =SUM(C15,C23,C31,C39,C47,C55,C71,C79,C87,C95) -> 11400.551 | D100: =C100/$C$103 -> 6.8904092e-07 | E100: =SUM(E15,E23,E31,E39,E47,E55,E71,E79,E87,E95) -> 3503.5841 | F100: =E100/$E$103 -> 1.0684266e-07 | G100: =SUM(G15,G55,G71,G63,G95) -> 185.62759 | H100: =G100/$G$103 -> 3.5886836e-11 | I100: =SUM(I15,I55,I71,I63,I95) -> 2.8918424 | J100: =I100/$I$103 -> 8.4588325e-13 | K100: =SUM(K15,K55,K71,K63,K95) -> 4.5203203 | L100: =K100/$K$103 -> 3.5367498e-13 | M100: =(M.aRS+M.cwRS+M.w0RS+M.w1RS+M.w2RS+M.sd0RS+M.sd1RS+M.sd2RS+M.s1RS+M.s2RS+M.s3RS)*Molweight/(VOLUME.aR+VOLUME.cwR+VOLUME.w0R+VOLUME.w1R+VOLUME.w2R+VOLUME.sd0R+VOLUME.sd1R+VOLUME.sd2R+VOLUME.s1R+VOLUME.s2R+VOLUME.s3R) -> 4.9634966e-11 | N100: =(M.aCS+M.cwCS+M.w0CS+M.w1CS+M.w2CS+M.sd0CS+M.sd1CS+M.sd2CS+M.s1CS+M.s2CS+M.s3CS)*Molweight/(VOLUME.aC+VOLUME.cwC+VOLUME.w0C+VOLUME.w1C+VOLUME.w2C+VOLUME.sd0C+VOLUME.sd1C+VOLUME.sd2C+VOLUME.s1C+VOLUME.s2C+VOLUME.s3C) -> 4.4105256e-13 | O100: =(M.aMS+M.cwMS+M.w2MS+M.w3MS+M.sdMS+M.sMS)*Molweight/(VOLUME.aM+VOLUME.cwM+VOLUME.w2M+VOLUME.w3M+VOLUME.sdM+VOLUME.sM) -> 9.384154e-16 | P100: =(M.aAS+M.cwAS+M.w2AS+M.w3AS+M.sdAS+M.sAS)*Molweight/(VOLUME.aA+VOLUME.cwA+VOLUME.w2A+VOLUME.w3A+VOLUME.sdA+VOLUME.sA) -> 2.3791066e-17 | Q100: =(M.aTS+M.cwTS+M.w2TS+M.w3TS+M.sdTS+M.sTS)*Molweight/(VOLUME.aT+VOLUME.cwT+VOLUME.w2T+VOLUME.w3T+VOLUME.sdT+VOLUME.sT) -> 1.118394e-17 | R100: g.L-1
B101: Total A | C101: =SUM(C16,C24,C32,C40,C48,C56,C72,C80,C88,C96) -> 25452141 | D101: =C101/$C$103 -> 0.0015383087 | E101: =SUM(E16,E24,E32,E40,E48,E56,E72,E80,E88,E96) -> 3.265337e+10 | F101: =E101/$E$103 -> 0.99577255 | G101: =SUM(G16,G56,G64,G72,G96) -> 5.1723231e+12 | H101: =G101/$G$103 -> 0.99995004 | I101: =SUM(I16,I56,I64,I72,I96) -> 3.4186423e+12 | J101: =I101/$I$103 -> 0.99997573 | K101: =SUM(K16,K56,K64,K72,K96) -> 1.2779621e+13 | L101: =K101/$K$103 -> 0.99989205 | M101: =(M.aRA+M.cwRA+M.w0RA+M.w1RA+M.w2RA+M.sd0RA+M.sd1RA+M.sd2RA+M.s1RA+M.s2RA+M.s3RA)*Molweight/(VOLUME.aR+VOLUME.cwR+VOLUME.w0R+VOLUME.w1R+VOLUME.w2R+VOLUME.sd0R+VOLUME.sd1R+VOLUME.sd2R+VOLUME.s1R+VOLUME.s2R+VOLUME.s3R) -> 1.1081185e-07 | N101: =(M.aCA+M.cwCA+M.w0CA+M.w1CA+M.w2CA+M.sd0CA+M.sd1CA+M.sd2CA+M.s1CA+M.s2CA+M.s3CA)*Molweight/(VOLUME.aC+VOLUME.cwC+VOLUME.w0C+VOLUME.w1C+VOLUME.w2C+VOLUME.sd0C+VOLUME.sd1C+VOLUME.sd2C+VOLUME.s1C+VOLUME.s2C+VOLUME.s3C) -> 4.1106056e-06 | O101: =(M.aMA+M.cwMA+M.w2MA+M.w3MA+M.sdMA+M.sMA)*Molweight/(VOLUME.aM+VOLUME.cwM+VOLUME.w2M+VOLUME.w3M+VOLUME.sdM+VOLUME.sM) -> 2.6147987e-05 | P101: =(M.aAA+M.cwAA+M.w2AA+M.w3AA+M.sdAA+M.sAA)*Molweight/(VOLUME.aA+VOLUME.cwA+VOLUME.w2A+VOLUME.w3A+VOLUME.sdA+VOLUME.sA) -> 2.8125026e-05 | Q101: =(M.aTA+M.cwTA+M.w2TA+M.w3TA+M.sdTA+M.sTA)*Molweight/(VOLUME.aT+VOLUME.cwT+VOLUME.w2T+VOLUME.w3T+VOLUME.sdT+VOLUME.sT) -> 3.1618671e-05 | R101: g.L-1
B102: Total P | C102: =SUM(C17,C25,C33,C41,C49,C57,C73,C81,C89,C97) -> 1.6520072e+10 | D102: =C102/$C$103 -> 0.998461 | E102: =SUM(E17,E25,E33,E41,E49,E57,E73,E81,E89,E97) -> 1.3862295e+08 | F102: =E102/$E$103 -> 0.0042273409 | G102: =SUM(G17,G57,G65,G73,G97) -> 2.5841336e+08 | H102: =G102/$G$103 -> 4.9958297e-05 | I102: =SUM(I17,I57,I65,I73,I97) -> 82966123 | J102: =I102/$I$103 -> 2.4268146e-05 | K102: =SUM(K17,K57,K65,K73,K97) -> 1.3797348e+09 | L102: =K102/$K$103 -> 0.00010795202 | M102: =(M.aRP+M.cwRP+M.w0RP+M.w1RP+M.w2RP+M.sd0RP+M.sd1RP+M.sd2RP+M.s1RP+M.s2RP+M.s3RP)*Molweight/(VOLUME.aR+VOLUME.cwR+VOLUME.w0R+VOLUME.w1R+VOLUME.w2R+VOLUME.sd0R+VOLUME.sd1R+VOLUME.sd2R+VOLUME.s1R+VOLUME.s2R+VOLUME.s3R) -> 7.1923999e-05 | N102: =(M.aCP+M.cwCP+M.w0CP+M.w1CP+M.w2CP+M.sd0CP+M.sd1CP+M.sd2CP+M.s1CP+M.s2CP+M.s3CP)*Molweight/(VOLUME.aC+VOLUME.cwC+VOLUME.w0C+VOLUME.w1C+VOLUME.w2C+VOLUME.sd0C+VOLUME.sd1C+VOLUME.sd2C+VOLUME.s1C+VOLUME.s2C+VOLUME.s3C) -> 1.7450703e-08 | O102: =(M.aMP+M.cwMP+M.w2MP+M.w3MP+M.sdMP+M.sMP)*Molweight/(VOLUME.aM+VOLUME.cwM+VOLUME.w2M+VOLUME.w3M+VOLUME.sdM+VOLUME.sM) -> 1.3063742e-09 | P102: =(M.aAP+M.cwAP+M.w2AP+M.w3AP+M.sdAP+M.sAP)*Molweight/(VOLUME.aA+VOLUME.cwA+VOLUME.w2A+VOLUME.w3A+VOLUME.sdA+VOLUME.sA) -> 6.8255879e-10 | Q102: =(M.aTP+M.cwTP+M.w2TP+M.w3TP+M.sdTP+M.sTP)*Molweight/(VOLUME.aT+VOLUME.cwT+VOLUME.w2T+VOLUME.w3T+VOLUME.sdT+VOLUME.sT) -> 3.4136677e-09 | R102: g.L-1
...

Sheet nano micro output
A2: Concentration ENPs (S+A+P) | I2: Species Concentration free ENPs (S) | Q2: Relevant bioavailable concentration according to user
B3: Regional | C3: Continental | D3: Moderate | E3: Arctic | F3: Tropical | J3: Regional | K3: Continental | L3: Moderate | M3: Arctic | N3: Tropical | Q3: User defined cut-off diameter | R3: 450 | S3: nm
A4: Air | B4: =J4+J18+J32 -> 1.4943958e-07 | C4: =K4+K18+K32 -> 1.7367271e-08 | D4: =L4+L18+L32 -> 1.0002189e-09 | E4: =M4+M18+M32 -> 3.7633055e-10 | F4: =N4+N18+N32 -> 1.8694461e-10 | G4: g.m-3 | I4: Air | J4: ='all species output'!$M15 -> 4.2210207e-08 | K4: ='all species output'!$N15 -> 4.8589965e-10 | L4: ='all species output'!$O15 -> 2.3911641e-12 | M4: ='all species output'!$P15 -> 6.79865e-14 | N4: ='all species output'!$Q15 -> 3.5415457e-14 | O4: g.m-3 | R4: Regional | S4: Continental | T4: Moderate | U4: Arctic | V4: Tropical
A5: Fresh water lake | B5: =J5+J19+J33 -> 0.00013559541 | C5: =K5+K19+K33 -> 1.0144305e-06 | G5: g.L-1 | I5: Fresh water lake | J5: ='all species output'!$M23 -> 1.1883859e-11 | K5: ='all species output'!$N23 -> 1.3669589e-13 | O5: g.L-1 | Q5: Air | R5: =IF((RadP.a*2)<bioavai.cutoff.diameter*0.000000001,'nano micro output'!B4,IF((RadA.w*2)<bioavai.cutoff.diameter*0.000000001,'nano micro output'!J4+'nano micro output'!J18,IF((RadS*2)<bioavai.cutoff.diameter*0.000000001,'nano micro output'!J4,0))) -> 1.493968e-07 | S5: =IF((RadP.a*2)<bioavai.cutoff.diameter*0.000000001,'nano micro output'!C4,IF((RadA.w*2)<bioavai.cutoff.diameter*0.000000001,'nano micro output'!K4+'nano micro output'!K18,IF((RadS*2)<bioavai.cutoff.diameter*0.000000001,'nano micro output'!K4,0))) -> 1.7366563e-08 | T5: =IF((RadP.a*2)<bioavai.cutoff.diameter*0.000000001,'nano micro output'!D4,IF((RadA.w*2)<bioavai.cutoff.diameter*0.000000001,'nano micro output'!L4+'nano micro output'!L18,IF((RadS*2)<bioavai.cutoff.diameter*0.000000001,'nano micro output'!L4,0))) -> 1.0002151e-09 | U5: =IF((RadP.a*2)<bioavai.cutoff.diameter*0.000000001,'nano micro output'!E4,IF((RadA.w*2)<bioavai.cutoff.diameter*0.000000001,'nano micro output'!M4+'nano micro output'!M18,IF((RadS*2)<bioavai.cutoff.diameter*0.000000001,'nano micro output'!M4,0))) -> 3.7633027e-10 | V5: =IF((RadP.a*2)<bioavai.cutoff.diameter*0.000000001,'nano micro output'!F4,IF((RadA.w*2)<bioavai.cutoff.diameter*0.000000001,'nano micro output'!N4+'nano micro output'!N18,IF((RadS*2)<bioavai.cutoff.diameter*0.000000001,'nano micro output'!N4,0))) -> 1.8694457e-10 | W5: g.m-3
A6: Fresh water lake sediment | B6: =J6+J20+J34 -> 0.16096655 | C6: =K6+K20+K34 -> 0.00051840918 | G6: g.kg(w)-1 | I6: Fresh water lake sediment | J6: ='all species output'!$M31 -> 3.9589673e-16 | K6: ='all species output'!$N31 -> 1.6654607e-18 | O6: g.kg(w)-1 | Q6: Fresh water lake | R6: =IF((RadP.w*2)<bioavai.cutoff.diameter*0.000000001,'nano micro output'!B5,IF((RadA.w*2)<bioavai.cutoff.diameter*0.000000001,'nano micro output'!J5+'nano micro output'!J19,IF((RadS*2)<bioavai.cutoff.diameter*0.000000001,'nano micro output'!J5,0))) -> 0.00013520307 | S6: =IF((RadP.w*2)<bioavai.cutoff.diameter*0.000000001,'nano micro output'!C5,IF((RadA.w*2)<bioavai.cutoff.diameter*0.000000001,'nano micro output'!K5+'nano micro output'!K19,IF((RadS*2)<bioavai.cutoff.diameter*0.000000001,'nano micro output'!K5,0))) -> 1.0141475e-06 | W6: g.L-1
A7: Fresh water | B7: =J7+J21+J35 -> 0.00038736913 | C7: =K7+K21+K35 -> 1.4151422e-06 | G7: g.L-1 | I7: Fresh water | J7: ='all species output'!$M39 -> 8.9794924e-08 | K7: ='all species output'!$N39 -> 3.8386635e-12 | O7: g.L-1 | Q7: Fresh water lake sediment | R7: =IF((RadP.w*2)<bioavai.cutoff.diameter*0.000000001,'nano micro output'!B6,IF((RadA.w*2)<bioavai.cutoff.diameter*0.000000001,'nano micro output'!J6+'nano micro output'!J20,IF((RadS*2)<bioavai.cutoff.diameter*0.000000001,'nano micro output'!J6,0))) -> 0.058779934 | S7: =IF((RadP.w*2)<bioavai.cutoff.diameter*0.000000001,'nano micro output'!C6,IF((RadA.w*2)<bioavai.cutoff.diameter*0.000000001,'nano micro output'!K6+'nano micro output'!K20,IF((RadS*2)<bioavai.cutoff.diameter*0.000000001,'nano micro output'!K6,0))) -> 0.00044414641 | W7: g.kg(w)-1
A8: Fresh water sediment | B8: =J8+J22+J36 -> 0.17414505 | C8: =K8+K22+K36 -> 0.0001338005 | G8: g.kg(w)-1 | I8: Fresh water sediment | J8: ='all species output'!$M47 -> 2.9912654e-12 | K8: ='all species output'!$N47 -> 4.6768273e-17 | O8: g.kg(w)-1 | Q8: Fresh water | R8: =IF((RadP.w*2)<bioavai.cutoff.diameter*0.000000001,'nano micro output'!B7,IF((RadA.w*2)<bioavai.cutoff.diameter*0.000000001,'nano micro output'!J7+'nano micro output'!J21,IF((RadS*2)<bioavai.cutoff.diameter*0.000000001,'nano micro output'!J7,0))) -> 0.00038121365 | S8: =IF((RadP.w*2)<bioavai.cutoff.diameter*0.000000001,'nano micro output'!C7,IF((RadA.w*2)<bioavai.cutoff.diameter*0.000000001,'nano micro output'!K7+'nano micro output'!K21,IF((RadS*2)<bioavai.cutoff.diameter*0.000000001,'nano micro output'!K7,0))) -> 1.4123658e-06 | W8: g.L-1
A9: Surface sea/ocean water | B9: =J9+J23+J37 -> 7.7216351e-05 | C9: =K9+K23+K37 -> 4.2873451e-05 | D9: =L9+L23+L37 -> 4.2877575e-05 | E9: =M9+M23+M37 -> 5.2149376e-05 | F9: =N9+N23+N37 -> 4.2951335e-05 | G9: g.L-1 | I9: Surface sea/ocean water | J9: ='all species output'!$M55 -> 1.7152023e-11 | K9: ='all species output'!$N55 -> 5.5037678e-15 | L9: ='all species output'!$O55 -> 3.3369045e-17 | M9: ='all species output'!$P55 -> 8.943729e-19 | N9: ='all species output'!$Q55 -> 5.2006516e-19 | O9: g.L-1 | Q9: Fresh water sediment | R9: =IF((RadP.w*2)<bioavai.cutoff.diameter*0.000000001,'nano micro output'!B8,IF((RadA.w*2)<bioavai.cutoff.diameter*0.000000001,'nano micro output'!J8+'nano micro output'!J22,IF((RadS*2)<bioavai.cutoff.diameter*0.000000001,'nano micro output'!J8,0))) -> 0.016312186 | S9: =IF((RadP.w*2)<bioavai.cutoff.diameter*0.000000001,'nano micro output'!C8,IF((RadA.w*2)<bioavai.cutoff.diameter*0.000000001,'nano micro output'!K8+'nano micro output'!K22,IF((RadS*2)<bioavai.cutoff.diameter*0.000000001,'nano micro output'!K8,0))) -> 6.1442113e-05 | W9: g.kg(w)-1
A10: Deep sea/ocean water | D10: =L10+L24+L38 -> 4.2951245e-05 | E10: =M10+M24+M38 -> 4.2877618e-05 | F10: =N10+N24+N38 -> 4.6222116e-05 | G10: g.L-1 | I10: Deep sea/ocean water | L10: ='all species output'!$O63 -> 8.6596085e-23 | M10: ='all species output'!$P63 -> 2.7167674e-24 | N10: ='all species output'!$Q63 -> 1.1778684e-24 | O10: g.L-1 | Q10: Surface sea/ocean water | R10: =IF((RadP.w*2)<bioavai.cutoff.diameter*0.000000001,'nano micro output'!B9,IF((RadA.w*2)<bioavai.cutoff.diameter*0.000000001,'nano micro output'!J9+'nano micro output'!J23,IF((RadS*2)<bioavai.cutoff.diameter*0.000000001,'nano micro output'!J9,0))) -> 7.6702589e-05 | S10: =IF((RadP.w*2)<bioavai.cutoff.diameter*0.000000001,'nano micro output'!C9,IF((RadA.w*2)<bioavai.cutoff.diameter*0.000000001,'nano micro output'!K9+'nano micro output'!K23,IF((RadS*2)<bioavai.cutoff.diameter*0.000000001,'nano micro output'!K9,0))) -> 4.2872864e-05 | T10: =IF((RadP.w*2)<bioavai.cutoff.diameter*0.000000001,'nano micro output'!D9,IF((RadA.w*2)<bioavai.cutoff.diameter*0.000000001,'nano micro output'!L9+'nano micro output'!L23,IF((RadS*2)<bioavai.cutoff.diameter*0.000000001,'nano micro output'!L9,0))) -> 4.2877042e-05 | U10: =IF((RadP.w*2)<bioavai.cutoff.diameter*0.000000001,'nano micro output'!E9,IF((RadA.w*2)<bioavai.cutoff.diameter*0.000000001,'nano micro output'!M9+'nano micro output'!M23,IF((RadS*2)<bioavai.cutoff.diameter*0.000000001,'nano micro output'!M9,0))) -> 5.2149066e-05 | V10: =IF((RadP.w*2)<bioavai.cutoff.diameter*0.000000001,'nano micro output'!F9,IF((RadA.w*2)<bioavai.cutoff.diameter*0.000000001,'nano micro output'!N9+'nano micro output'!N23,IF((RadS*2)<bioavai.cutoff.diameter*0.000000001,'nano micro output'!N9,0))) -> 4.2950263e-05 | W10: g.L-1
A11: Marine sediment | B11: =J11+J25+J39 -> 0.049368848 | C11: =K11+K25+K39 -> 0.0056411802 | D11: =L11+L25+L39 -> 0.0056896315 | E11: =M11+M25+M39 -> 0.0056374891 | F11: =N11+N25+N39 -> 0.0062310371 | G11: g.kg(w)-1 | I11: Marine sediment | J11: ='all species output'!$M71 -> 5.7140141e-17 | K11: ='all species output'!$N71 -> 6.7056302e-21 | L11: ='all species output'!$O71 -> 1.0550615e-28 | M11: ='all species output'!$P71 -> 3.3540712e-30 | N11: ='all species output'!$Q71 -> 1.4238536e-30 | O11: g.kg(w)-1 | Q11: Deep sea/ocean water | R11: =IF((RadP.w*2)<bioavai.cutoff.diameter*0.000000001,'nano micro output'!B10,IF((RadA.w*2)<bioavai.cutoff.diameter*0.000000001,'nano micro output'!J10+'nano micro output'!J24,IF((RadS*2)<bioavai.cutoff.diameter*0.000000001,'nano micro output'!J10,0))) -> 0 | S11: =IF((RadP.w*2)<bioavai.cutoff.diameter*0.000000001,'nano micro output'!C10,IF((RadA.w*2)<bioavai.cutoff.diameter*0.000000001,'nano micro output'!K10+'nano micro output'!K24,IF((RadS*2)<bioavai.cutoff.diameter*0.000000001,'nano micro output'!K10,0))) -> 0 | T11: =IF((RadP.w*2)<bioavai.cutoff.diameter*0.000000001,'nano micro output'!D10,IF((RadA.w*2)<bioavai.cutoff.diameter*0.000000001,'nano micro output'!L10+'nano micro output'!L24,IF((RadS*2)<bioavai.cutoff.diameter*0.000000001,'nano micro output'!L10,0))) -> 4.2950167e-05 | U11: =IF((RadP.w*2)<bioavai.cutoff.diameter*0.000000001,'nano micro output'!E10,IF((RadA.w*2)<bioavai.cutoff.diameter*0.000000001,'nano micro output'!M10+'nano micro output'!M24,IF((RadS*2)<bioavai.cutoff.diameter*0.000000001,'nano micro output'!M10,0))) -> 4.2877085e-05 | V11: =IF((RadP.w*2)<bioavai.cutoff.diameter*0.000000001,'nano micro output'!F10,IF((RadA.w*2)<bioavai.cutoff.diameter*0.000000001,'nano micro output'!N10+'nano micro output'!N24,IF((RadS*2)<bioavai.cutoff.diameter*0.000000001,'nano micro output'!N10,0))) -> 4.6219578e-05 | W11: g.L-1
A12: Natural soil | B12: =J12+J26+J40 -> 0.013465179 | C12: =K12+K26+K40 -> 0.00016060014 | G12: g.kg(w)-1 | I12: Natural soil | J12: ='all species output'!$M79 -> 4.8495152e-11 | K12: ='all species output'!$N79 -> 5.5824833e-13 | O12: g.kg(w)-1 | Q12: Marine sediment | R12: =IF((RadP.w*2)<bioavai.cutoff.diameter*0.000000001,'nano micro output'!B11,IF((RadA.w*2)<bioavai.cutoff.diameter*0.000000001,'nano micro output'!J11+'nano micro output'!J25,IF((RadS*2)<bioavai.cutoff.diameter*0.000000001,'nano micro output'!J11,0))) -> 0.0098486419 | S12: =IF((RadP.w*2)<bioavai.cutoff.diameter*0.000000001,'nano micro output'!C11,IF((RadA.w*2)<bioavai.cutoff.diameter*0.000000001,'nano micro output'!K11+'nano micro output'!K25,IF((RadS*2)<bioavai.cutoff.diameter*0.000000001,'nano micro output'!K11,0))) -> 0.0055953063 | T12: =IF((RadP.w*2)<bioavai.cutoff.diameter*0.000000001,'nano micro output'!D11,IF((RadA.w*2)<bioavai.cutoff.diameter*0.000000001,'nano micro output'!L11+'nano micro output'!L25,IF((RadS*2)<bioavai.cutoff.diameter*0.000000001,'nano micro output'!L11,0))) -> 0.0056053951 | U12: =IF((RadP.w*2)<bioavai.cutoff.diameter*0.000000001,'nano micro output'!E11,IF((RadA.w*2)<bioavai.cutoff.diameter*0.000000001,'nano micro output'!M11+'nano micro output'!M25,IF((RadS*2)<bioavai.cutoff.diameter*0.000000001,'nano micro output'!M11,0))) -> 0.0055958572 | V12: =IF((RadP.w*2)<bioavai.cutoff.diameter*0.000000001,'nano micro output'!F11,IF((RadA.w*2)<bioavai.cutoff.diameter*0.000000001,'nano micro output'!N11+'nano micro output'!N25,IF((RadS*2)<bioavai.cutoff.diameter*0.000000001,'nano micro output'!N11,0))) -> 0.0060326125 | W12: g.kg(w)-1
A13: Agricultural soil | B13: =J13+J27+J41 -> 0.35138929 | C13: =K13+K27+K41 -> 0.00016029066 | G13: g.kg(w)-1 | I13: Agricultural soil | J13: ='all species output'!$M87 -> 3.4075017e-10 | K13: ='all species output'!$N87 -> 1.395626e-13 | O13: g.kg(w)-1 | Q13: Natural soil | R13: =IF((RadP.w*2)<bioavai.cutoff.diameter*0.000000001,'nano micro output'!B12,IF((RadA.w*2)<bioavai.cutoff.diameter*0.000000001,'nano micro output'!J12+'nano micro output'!J26,IF((RadS*2)<bioavai.cutoff.diameter*0.000000001,'nano micro output'!J12,0))) -> 9.3613714e-06 | S13: =IF((RadP.w*2)<bioavai.cutoff.diameter*0.000000001,'nano micro output'!C12,IF((RadA.w*2)<bioavai.cutoff.diameter*0.000000001,'nano micro output'!K12+'nano micro output'!K26,IF((RadS*2)<bioavai.cutoff.diameter*0.000000001,'nano micro output'!K12,0))) -> 6.8805178e-07 | W13: g.kg(w)-1
A14: Other soil | B14: =J14+J28+J42 -> 0.013465179 | C14: =K14+K28+K42 -> 0.00016060014 | D14: =L14+L28+L42 -> 1.1555795e-06 | E14: =M14+M28+M42 -> 8.1902346e-08 | F14: =N14+N28+N42 -> 2.7040586e-08 | G14: g.kg(w)-1 | I14: Other soil | J14: ='all species output'!$M95 -> 4.8495152e-11 | K14: ='all species output'!$N95 -> 5.5824833e-13 | L14: ='all species output'!$O95 -> 3.8621356e-15 | M14: ='all species output'!$P95 -> 9.3664947e-17 | N14: ='all species output'!$Q95 -> 6.3885368e-17 | O14: g.kg(w)-1 | Q14: Agricultural soil | R14: =IF((RadP.w*2)<bioavai.cutoff.diameter*0.000000001,'nano micro output'!B13,IF((RadA.w*2)<bioavai.cutoff.diameter*0.000000001,'nano micro output'!J13+'nano micro output'!J27,IF((RadS*2)<bioavai.cutoff.diameter*0.000000001,'nano micro output'!J13,0))) -> 8.5520943e-05 | S14: =IF((RadP.w*2)<bioavai.cutoff.diameter*0.000000001,'nano micro output'!C13,IF((RadA.w*2)<bioavai.cutoff.diameter*0.000000001,'nano micro output'!K13+'nano micro output'!K27,IF((RadS*2)<bioavai.cutoff.diameter*0.000000001,'nano micro output'!K13,0))) -> 3.7802816e-07 | W14: g.kg(w)-1
Q15: Other soil | R15: =IF((RadP.w*2)<bioavai.cutoff.diameter*0.000000001,'nano micro output'!B14,IF((RadA.w*2)<bioavai.cutoff.diameter*0.000000001,'nano micro output'!J14+'nano micro output'!J28,IF((RadS*2)<bioavai.cutoff.diameter*0.000000001,'nano micro output'!J14,0))) -> 9.3613714e-06 | S15: =IF((RadP.w*2)<bioavai.cutoff.diameter*0.000000001,'nano micro output'!C14,IF((RadA.w*2)<bioavai.cutoff.diameter*0.000000001,'nano micro output'!K14+'nano micro output'!K28,IF((RadS*2)<bioavai.cutoff.diameter*0.000000001,'nano micro output'!K14,0))) -> 6.8805178e-07 | T15: =IF((RadP.w*2)<bioavai.cutoff.diameter*0.000000001,'nano micro output'!D14,IF((RadA.w*2)<bioavai.cutoff.diameter*0.000000001,'nano micro output'!L14+'nano micro output'!L28,IF((RadS*2)<bioavai.cutoff.diameter*0.000000001,'nano micro output'!L14,0))) -> 7.3784514e-08 | U15: =IF((RadP.w*2)<bioavai.cutoff.diameter*0.000000001,'nano micro output'!E14,IF((RadA.w*2)<bioavai.cutoff.diameter*0.000000001,'nano micro output'!M14+'nano micro output'!M28,IF((RadS*2)<bioavai.cutoff.diameter*0.000000001,'nano micro output'!M14,0))) -> 5.5339511e-08 | V15: =IF((RadP.w*2)<bioavai.cutoff.diameter*0.000000001,'nano micro output'!F14,IF((RadA.w*2)<bioavai.cutoff.diameter*0.000000001,'nano micro output'!N14+'nano micro output'!N28,IF((RadS*2)<bioavai.cutoff.diameter*0.000000001,'nano micro output'!N14,0))) -> 9.2203507e-09 | W15: g.kg(w)-1
I16: Species Concentration colloidal heteroagglomerates ENP <450nm (A)
J17: Regional | K17: Continental | L17: Moderate | M17: Arctic | N17: Tropical
I18: Air | J18: ='all species output'!$M16 -> 1.071866e-07 | K18: ='all species output'!$N16 -> 1.6880663e-08 | L18: ='all species output'!$O16 -> 9.9782393e-10 | M18: ='all species output'!$P16 -> 3.7626228e-10 | N18: ='all species output'!$Q16 -> 1.8690916e-10 | O18: g.m-3
I19: Fresh water lake | J19: ='all species output'!$M24 -> 0.00013520306 | K19: ='all species output'!$N24 -> 1.0141473e-06 | O19: g.L-1
I20: Fresh water lake sediment | J20: ='all species output'!$M32 -> 0.058779934 | K20: ='all species output'!$N32 -> 0.00044414641 | O20: g.kg(w)-1
I21: Fresh water | J21: ='all species output'!$M40 -> 0.00038112386 | K21: ='all species output'!$N40 -> 1.412362e-06 | O21: g.L-1
I22: Fresh water sediment | J22: ='all species output'!$M48 -> 0.016312186 | K22: ='all species output'!$N48 -> 6.1442113e-05 | O22: g.kg(w)-1
I23: Surface sea/ocean water | J23: ='all species output'!$M56 -> 7.6702571e-05 | K23: ='all species output'!$N56 -> 4.2872864e-05 | L23: ='all species output'!$O56 -> 4.2877042e-05 | M23: ='all species output'!$P56 -> 5.2149066e-05 | N23: ='all species output'!$Q56 -> 4.2950263e-05 | O23: g.L-1
I24: Deep sea/ocean water | L24: ='all species output'!$O64 -> 4.2950167e-05 | M24: ='all species output'!$P64 -> 4.2877085e-05 | N24: ='all species output'!$Q64 -> 4.6219578e-05 | O24: g.L-1
I25: Marine sediment | J25: ='all species output'!$M72 -> 0.0098486419 | K25: ='all species output'!$N72 -> 0.0055953063 | L25: ='all species output'!$O72 -> 0.0056053951 | M25: ='all species output'!$P72 -> 0.0055958572 | N25: ='all species output'!$Q72 -> 0.0060326125 | O25: g.kg(w)-1
I26: Natural soil | J26: ='all species output'!$M80 -> 9.361323e-06 | K26: ='all species output'!$N80 -> 6.8805123e-07 | O26: g.kg(w)-1
I27: Agricultural soil | J27: ='all species output'!$M88 -> 8.5520602e-05 | K27: ='all species output'!$N88 -> 3.7802802e-07 | O27: g.kg(w)-1
I28: Other soil | J28: ='all species output'!$M96 -> 9.361323e-06 | K28: ='all species output'!$N96 -> 6.8805123e-07 | L28: ='all species output'!$O96 -> 7.378451e-08 | M28: ='all species output'!$P96 -> 5.5339511e-08 | N28: ='all species output'!$Q96 -> 9.2203506e-09 | O28: g.kg(w)-1
I30: Species Concentration ENP coarse heteroagglomerates > 450nm (P)
J31: Regional | K31: Continental | L31: Moderate | M31: Arctic | N31: Tropical
I32: Air | J32: ='all species output'!$M17 -> 4.2778699e-11 | K32: ='all species output'!$N17 -> 7.0881019e-13 | L32: ='all species output'!$O17 -> 3.8459038e-15 | M32: ='all species output'!$P17 -> 2.8149152e-16 | N32: ='all species output'!$Q17 -> 3.3638617e-17 | O32: g.m-3
I33: Fresh water lake | J33: ='all species output'!$M25 -> 3.9233873e-07 | K33: ='all species output'!$N25 -> 2.8304519e-10 | O33: g.L-1
I34: Fresh water lake sediment | J34: ='all species output'!$M33 -> 0.10218661 | K34: ='all species output'!$N33 -> 7.426277e-05 | O34: g.kg(w)-1
I35: Fresh water | J35: ='all species output'!$M41 -> 6.1554803e-06 | K35: ='all species output'!$N41 -> 2.7763775e-09 | O35: g.L-1
I36: Fresh water sediment | J36: ='all species output'!$M49 -> 0.15783286 | K36: ='all species output'!$N49 -> 7.2358391e-05 | O36: g.kg(w)-1
I37: Surface sea/ocean water | J37: ='all species output'!$M57 -> 5.1376264e-07 | K37: ='all species output'!$N57 -> 5.8672433e-10 | L37: ='all species output'!$O57 -> 5.3304693e-10 | M37: ='all species output'!$P57 -> 3.1015293e-10 | N37: ='all species output'!$Q57 -> 1.071548e-09 | O37: g.L-1
I38: Deep sea/ocean water | L38: ='all species output'!$O65 -> 1.0773784e-09 | M38: ='all species output'!$P65 -> 5.3246947e-10 | N38: ='all species output'!$Q65 -> 2.5376161e-09 | O38: g.L-1
I39: Marine sediment | J39: ='all species output'!$M73 -> 0.039520206 | K39: ='all species output'!$N73 -> 4.5873906e-05 | L39: ='all species output'!$O73 -> 8.4236417e-05 | M39: ='all species output'!$P73 -> 4.163191e-05 | N39: ='all species output'!$Q73 -> 0.00019842465 | O39: g.kg(w)-1
I40: Natural soil | J40: ='all species output'!$M81 -> 0.013455817 | K40: ='all species output'!$N81 -> 0.00015991209 | O40: g.kg(w)-1
I41: Agricultural soil | J41: ='all species output'!$M89 -> 0.35130377 | K41: ='all species output'!$N89 -> 0.00015991263 | O41: g.kg(w)-1
I42: Other soil | J42: ='all species output'!$M97 -> 0.013455817 | K42: ='all species output'!$N97 -> 0.00015991209 | L42: ='all species output'!$O97 -> 1.081795e-06 | M42: ='all species output'!$P97 -> 2.6562834e-08 | N42: ='all species output'!$Q97 -> 1.7820235e-08 | O42: g.kg(w)-1

Sheet input
A1: SCENARIO- and SUBSTANCE DEFINITION
A3: PICK FROM LOOK-UP TABLES | G3: Variable Name | I3: User input | K3: Default | L3: Used | N3: Notes | O3: Equation | P3: Reference
A5: Substance | G5: ChemName | H5: default substance | J5: =IF(HLOOKUP(CaseName,CaseData,MATCH($G5,cases!$G$3:$G$1259,0)-1,FALSE)="","",HLOOKUP(CaseName,CaseData,MATCH($G5,cases!$G$3:$G$1259,0)-1,FALSE)) | K5: default substance | L5: =IF(ISBLANK(I6),IF(ISBLANK(H5),IF(J5="",K5,J5),H5),VLOOKUP(ChemRowNr,substances!A9:B4019,2,0)) -> default substance
G6: ChemRowNr | K6: =VLOOKUP(ChemName,ChemData,27,FALSE) -> 1 | L6: =IF(ISBLANK(I6),IF(J6=0,K6,J6),I6) -> 1
A8: Scenario | G8: ScenarioName | H8: default scenario | J8: =IF(HLOOKUP(CaseName,CaseData,MATCH($G8,cases!$G$3:$G$1259,0)-1,FALSE)="","",HLOOKUP(CaseName,CaseData,MATCH($G8,cases!$G$3:$G$1259,0)-1,FALSE)) | K8: default scenario | L8: =IF(ISBLANK(H8),IF(J8=0,K8,J8),H8) -> default scenario
A10: Case | G10: CaseName | H10: defaults only | J10: =IF(HLOOKUP(CaseName,CaseData,MATCH($G10,cases!$G$3:$G$1259,0)-1,FALSE)="","",HLOOKUP(CaseName,CaseData,MATCH($G10,cases!$G$3:$G$1259,0)-1,FALSE)) | K10: defaults only | L10: =IF(ISBLANK(H10),IF(ISBLANK(J10),K10,J10),H10) -> defaults only
A12: SUBSTANCE PROPERTIES nanoform | G12: Variable Name | H12: Unit | I12: User input | J12: LookUp | K12: Default | L12: Used | N12: Notes | O12: Equation | P12: Reference
B14: Radius primary ENP | G14: RadS | H14: [nm] | J14: =IF(HLOOKUP(CaseName,CaseData,MATCH($G14,cases!$G$3:$G$1259,0)-1,FALSE)="",IF(ISBLANK(VLOOKUP(ChemName,ChemData,MATCH(G14,substances!$3:$3,FALSE)-1,FALSE)),"",VLOOKUP(ChemName,ChemData,MATCH(G14,substances!$3:$3,FALSE)-1,FALSE)),HLOOKUP(CaseName,CaseData,MATCH($G14,cases!$G$3:$G$1259,0)-1,FALSE)) | K14: 10 | L14: =IF(ISBLANK(I14), IF(ISNUMBER(J14)=FALSE, K14*10^-9, J14*10^-9), I14*10^-9) -> 1e-08 | M14: m | O14: =MATCH(G14,substances!$3:$3,FALSE) -> 30
B15: Density primary ENP | G15: RhoS | H15: [kg.m-3] | J15: =IF(HLOOKUP(CaseName,CaseData,MATCH($G15,cases!$G$3:$G$1259,0)-1,FALSE)="",IF(ISBLANK(VLOOKUP(ChemName,ChemData,MATCH(G15,substances!$3:$3,FALSE)-1,FALSE)),"",VLOOKUP(ChemName,ChemData,MATCH(G15,substances!$3:$3,FALSE)-1,FALSE)),HLOOKUP(CaseName,CaseData,MATCH($G15,cases!$G$3:$G$1259,0)-1,FALSE)) | K15: =4.23*10^3 -> 4230 | L15: =IF(ISBLANK(I15), IF(ISNUMBER(J15)=FALSE, K15, J15), I15) -> 4230 | M15: kg.m-3
B16: Hamaker constant heteroagglomerate (ENP, water, SiO2) | G16: AHamakerSP.w | H16: [J] | J16: =IF(HLOOKUP(CaseName,CaseData,MATCH($G16,cases!$G$3:$G$1259,0)-1,FALSE)="",IF(ISBLANK(VLOOKUP(ChemName,ChemData,MATCH(G16,substances!$3:$3,FALSE)-1,FALSE)),"",VLOOKUP(ChemName,ChemData,MATCH(G16,substances!$3:$3,FALSE)-1,FALSE)),HLOOKUP(CaseName,CaseData,MATCH($G16,cases!$G$3:$G$1259,0)-1,FALSE)) | K16: =6.9*10^-21 -> 6.9e-21 | L16: =IF(ISBLANK(I16),IF(ISNUMBER(J16)=FALSE,K16,J16),I16) -> 6.9e-21 | M16: [J]
A18: ENGINEERED NANOPARTICLE <-> ENVIRONMENT PROPERTIES
C20: Attachment efficiencies between ENPs and natural particles in different media | G20: Variable Name | H20: Unit | I20: User input | J20: LookUp | K20: Default | L20: Used | N20: Notes
C21: Attachment Efficiency of ENPs and lake water NCs (<450 nm) | G21: AtefSA.w0 | H21: [-] | J21: =IF(HLOOKUP(CaseName,CaseData,MATCH($G21,cases!$G$3:$G$1259,0)-1,FALSE)="",IF(ISBLANK(VLOOKUP(ChemName,ChemData,MATCH(G21,substances!$3:$3,FALSE)-1,FALSE)),"",VLOOKUP(ChemName,ChemData,MATCH(G21,substances!$3:$3,FALSE)-1,FALSE)),HLOOKUP(CaseName,CaseData,MATCH($G21,cases!$G$3:$G$1259,0)-1,FALSE)) | K21: 0.1 | L21: =IF(ISBLANK(I21), IF(ISNUMBER(J21)=FALSE, K21, J21), I21) -> 0.1 | M21: -
C22: Attachment Efficiency of ENPs and lake water SPM (>450 nm) | G22: AtefSP.w0 | H22: [-] | J22: =IF(HLOOKUP(CaseName,CaseData,MATCH($G22,cases!$G$3:$G$1259,0)-1,FALSE)="",IF(ISBLANK(VLOOKUP(ChemName,ChemData,MATCH(G22,substances!$3:$3,FALSE)-1,FALSE)),"",VLOOKUP(ChemName,ChemData,MATCH(G22,substances!$3:$3,FALSE)-1,FALSE)),HLOOKUP(CaseName,CaseData,MATCH($G22,cases!$G$3:$G$1259,0)-1,FALSE)) | K22: 0.1 | L22: =IF(ISBLANK(I22), IF(ISNUMBER(J22)=FALSE, K22, J22), I22) -> 0.1 | M22: -
C23: Attachment Efficiency of ENPs and fresh water NCs (<450 nm) | G23: AtefSA.w1 | H23: [-] | J23: =IF(HLOOKUP(CaseName,CaseData,MATCH($G23,cases!$G$3:$G$1259,0)-1,FALSE)="",IF(ISBLANK(VLOOKUP(ChemName,ChemData,MATCH(G23,substances!$3:$3,FALSE)-1,FALSE)),"",VLOOKUP(ChemName,ChemData,MATCH(G23,substances!$3:$3,FALSE)-1,FALSE)),HLOOKUP(CaseName,CaseData,MATCH($G23,cases!$G$3:$G$1259,0)-1,FALSE)) | K23: 0.1 | L23: =IF(ISBLANK(I23), IF(ISNUMBER(J23)=FALSE, K23, J23), I23) -> 0.1 | M23: -
C24: Attachment Efficiency of ENPs and fresh water SPM (>450 nm) | G24: AtefSP.w1 | H24: [-] | J24: =IF(HLOOKUP(CaseName,CaseData,MATCH($G24,cases!$G$3:$G$1259,0)-1,FALSE)="",IF(ISBLANK(VLOOKUP(ChemName,ChemData,MATCH(G24,substances!$3:$3,FALSE)-1,FALSE)),"",VLOOKUP(ChemName,ChemData,MATCH(G24,substances!$3:$3,FALSE)-1,FALSE)),HLOOKUP(CaseName,CaseData,MATCH($G24,cases!$G$3:$G$1259,0)-1,FALSE)) | K24: 0.1 | L24: =IF(ISBLANK(I24), IF(ISNUMBER(J24)=FALSE, K24, J24), I24) -> 0.1 | M24: -
C25: Attachment Efficiency of ENPs and sea water NCs (<450 nm) | G25: AtefSA.w2 | H25: [-] | J25: =IF(HLOOKUP(CaseName,CaseData,MATCH($G25,cases!$G$3:$G$1259,0)-1,FALSE)="",IF(ISBLANK(VLOOKUP(ChemName,ChemData,MATCH(G25,substances!$3:$3,FALSE)-1,FALSE)),"",VLOOKUP(ChemName,ChemData,MATCH(G25,substances!$3:$3,FALSE)-1,FALSE)),HLOOKUP(CaseName,CaseData,MATCH($G25,cases!$G$3:$G$1259,0)-1,FALSE)) | K25: 1 | L25: =IF(ISBLANK(I25), IF(ISNUMBER(J25)=FALSE, K25, J25), I25) -> 1 | M25: -
C26: Attachment Efficiency of ENPs and sea water SPM (>450 nm) | G26: AtefSP.w2 | H26: [-] | J26: =IF(HLOOKUP(CaseName,CaseData,MATCH($G26,cases!$G$3:$G$1259,0)-1,FALSE)="",IF(ISBLANK(VLOOKUP(ChemName,ChemData,MATCH(G26,substances!$3:$3,FALSE)-1,FALSE)),"",VLOOKUP(ChemName,ChemData,MATCH(G26,substances!$3:$3,FALSE)-1,FALSE)),HLOOKUP(CaseName,CaseData,MATCH($G26,cases!$G$3:$G$1259,0)-1,FALSE)) | K26: 1 | L26: =IF(ISBLANK(I26), IF(ISNUMBER(J26)=FALSE, K26, J26), I26) -> 1 | M26: -
C27: Attachment Efficiency of ENPs and deep sea water NCs (<450 nm) | G27: AtefSA.w3 | H27: [-] | J27: =IF(HLOOKUP(CaseName,CaseData,MATCH($G27,cases!$G$3:$G$1259,0)-1,FALSE)="",IF(ISBLANK(VLOOKUP(ChemName,ChemData,MATCH(G27,substances!$3:$3,FALSE)-1,FALSE)),"",VLOOKUP(ChemName,ChemData,MATCH(G27,substances!$3:$3,FALSE)-1,FALSE)),HLOOKUP(CaseName,CaseData,MATCH($G27,cases!$G$3:$G$1259,0)-1,FALSE)) | K27: 1 | L27: =IF(ISBLANK(I27), IF(ISNUMBER(J27)=FALSE, K27, J27), I27) -> 1 | M27: -
C28: Attachment Efficiency of ENPs and deep sea water SPM (>450 nm) | G28: AtefSP.w3 | H28: [-] | J28: =IF(HLOOKUP(CaseName,CaseData,MATCH($G28,cases!$G$3:$G$1259,0)-1,FALSE)="",IF(ISBLANK(VLOOKUP(ChemName,ChemData,MATCH(G28,substances!$3:$3,FALSE)-1,FALSE)),"",VLOOKUP(ChemName,ChemData,MATCH(G28,substances!$3:$3,FALSE)-1,FALSE)),HLOOKUP(CaseName,CaseData,MATCH($G28,cases!$G$3:$G$1259,0)-1,FALSE)) | K28: 1 | L28: =IF(ISBLANK(I28), IF(ISNUMBER(J28)=FALSE, K28, J28), I28) -> 1 | M28: -
C29: Attachment Efficiency of ENPs and natural soil NCs (<450 nm) | G29: AtefSA.s1 | H29: [-] | J29: =IF(HLOOKUP(CaseName,CaseData,MATCH($G29,cases!$G$3:$G$1259,0)-1,FALSE)="",IF(ISBLANK(VLOOKUP(ChemName,ChemData,MATCH(G29,substances!$3:$3,FALSE)-1,FALSE)),"",VLOOKUP(ChemName,ChemData,MATCH(G29,substances!$3:$3,FALSE)-1,FALSE)),HLOOKUP(CaseName,CaseData,MATCH($G29,cases!$G$3:$G$1259,0)-1,FALSE)) | K29: 0.1 | L29: =IF(ISBLANK(I29), IF(ISNUMBER(J29)=FALSE, K29, J29), I29) -> 0.1 | M29: -
C30: Attachment Efficiency of ENPs and natural soil grains | G30: AtefSP.s1 | H30: [-] | J30: =IF(HLOOKUP(CaseName,CaseData,MATCH($G30,cases!$G$3:$G$1259,0)-1,FALSE)="",IF(ISBLANK(VLOOKUP(ChemName,ChemData,MATCH(G30,substances!$3:$3,FALSE)-1,FALSE)),"",VLOOKUP(ChemName,ChemData,MATCH(G30,substances!$3:$3,FALSE)-1,FALSE)),HLOOKUP(CaseName,CaseData,MATCH($G30,cases!$G$3:$G$1259,0)-1,FALSE)) | K30: 0.1 | L30: =IF(ISBLANK(I30), IF(ISNUMBER(J30)=FALSE, K30, J30), I30) -> 0.1 | M30: -
C31: Attachment Efficiency of ENPs and agricultural soil NCs (<450 nm) | G31: AtefSA.s2 | H31: [-] | J31: =IF(HLOOKUP(CaseName,CaseData,MATCH($G31,cases!$G$3:$G$1259,0)-1,FALSE)="",IF(ISBLANK(VLOOKUP(ChemName,ChemData,MATCH(G31,substances!$3:$3,FALSE)-1,FALSE)),"",VLOOKUP(ChemName,ChemData,MATCH(G31,substances!$3:$3,FALSE)-1,FALSE)),HLOOKUP(CaseName,CaseData,MATCH($G31,cases!$G$3:$G$1259,0)-1,FALSE)) | K31: 0.1 | L31: =IF(ISBLANK(I31), IF(ISNUMBER(J31)=FALSE, K31, J31), I31) -> 0.1 | M31: -
C32: Attachment Efficiency of ENPs and agricultural soil grains | G32: AtefSP.s2 | H32: [-] | J32: =IF(HLOOKUP(CaseName,CaseData,MATCH($G32,cases!$G$3:$G$1259,0)-1,FALSE)="",IF(ISBLANK(VLOOKUP(ChemName,ChemData,MATCH(G32,substances!$3:$3,FALSE)-1,FALSE)),"",VLOOKUP(ChemName,ChemData,MATCH(G32,substances!$3:$3,FALSE)-1,FALSE)),HLOOKUP(CaseName,CaseData,MATCH($G32,cases!$G$3:$G$1259,0)-1,FALSE)) | K32: 0.1 | L32: =IF(ISBLANK(I32), IF(ISNUMBER(J32)=FALSE, K32, J32), I32) -> 0.1 | M32: -
... C40: Attachment Efficiency of ENPs and marine sediment grains | G40: AtefSP.sd2 | H40: [-] | J40: =IF(HLOOKUP(CaseName,CaseData,MATCH($G40,cases!$G$3:$G$1259,0)-1,FALSE)="",IF(ISBLANK(VLOOKUP(ChemName,ChemData,MATCH(G40,substances!$3:$3,FALSE)-1,FALSE)),"",VLOOKUP(ChemName,ChemData,MATCH(G40,substances!$3:$3,FALSE)-1,FALSE)),HLOOKUP(CaseName,CaseData,MATCH($G40,cases!$G$3:$G$1259,0)-1,FALSE)) | K40: 1 | L40: =IF(ISBLANK(I40), IF(ISNUMBER(J40)=FALSE, K40, J40), I40) -> 1 | M40: -
C42: ENP dissolution rates for different species in different media | G42: Variable Name | H42: Unit | I42: User input | J42: LookUp | K42: Default | L42: Used | N42: Notes
C43: Pristine ENPs:
C44: Dissolution rate of ENPs (S) in lake water | G44: kdis.w0S.w0D | H44: [s-1] | J44: =IF(HLOOKUP(CaseName,CaseData,MATCH($G44,cases!$G$3:$G$1259,0)-1,FALSE)="",IF(ISBLANK(VLOOKUP(ChemName,ChemData,MATCH(G44,substances!$3:$3,FALSE)-1,FALSE)),"",VLOOKUP(ChemName,ChemData,MATCH(G44,substances!$3:$3,FALSE)-1,FALSE)),HLOOKUP(CaseName,CaseData,MATCH($G44,cases!$G$3:$G$1259,0)-1,FALSE)) | K44: 0 | L44: =IF(ISBLANK(I44), IF(ISNUMBER(J44)=FALSE, K44, J44), I44) -> 0 | M44: s-1
C45: Dissolution rate of ENPs (S) in fresh water | G45: kdis.w1S.w1D | H45: [s-1] | J45: =IF(HLOOKUP(CaseName,CaseData,MATCH($G45,cases!$G$3:$G$1259,0)-1,FALSE)="",IF(ISBLANK(VLOOKUP(ChemName,ChemData,MATCH(G45,substances!$3:$3,FALSE)-1,FALSE)),"",VLOOKUP(ChemName,ChemData,MATCH(G45,substances!$3:$3,FALSE)-1,FALSE)),HLOOKUP(CaseName,CaseData,MATCH($G45,cases!$G$3:$G$1259,0)-1,FALSE)) | K45: 0 | L45: =IF(ISBLANK(I45), IF(ISNUMBER(J45)=FALSE, K45, J45), I45) -> 0 | M45: s-1
C46: Dissolution rate of ENPs (S) in sea water | G46: kdis.w2S.w2D | H46: [s-1] | J46: =IF(HLOOKUP(CaseName,CaseData,MATCH($G46,cases!$G$3:$G$1259,0)-1,FALSE)="",IF(ISBLANK(VLOOKUP(ChemName,ChemData,MATCH(G46,substances!$3:$3,FALSE)-1,FALSE)),"",VLOOKUP(ChemName,ChemData,MATCH(G46,substances!$3:$3,FALSE)-1,FALSE)),HLOOKUP(CaseName,CaseData,MATCH($G46,cases!$G$3:$G$1259,0)-1,FALSE)) | K46: 0 | L46: =IF(ISBLANK(I46), IF(ISNUMBER(J46)=FALSE, K46, J46), I46) -> 0 | M46: s-1
C47: Dissolution rate of ENPs (S) in natural soil pore water | G47: kdis.s1S.s1D | H47: [s-1] | J47: =IF(HLOOKUP(CaseName,CaseData,MATCH($G47,cases!$G$3:$G$1259,0)-1,FALSE)="",IF(ISBLANK(VLOOKUP(ChemName,ChemData,MATCH(G47,substances!$3:$3,FALSE)-1,FALSE)),"",VLOOKUP(ChemName,ChemData,MATCH(G47,substances!$3:$3,FALSE)-1,FALSE)),HLOOKUP(CaseName,CaseData,MATCH($G47,cases!$G$3:$G$1259,0)-1,FALSE)) | K47: 0 | L47: =IF(ISBLANK(I47), IF(ISNUMBER(J47)=FALSE, K47, J47), I47) -> 0 | M47: s-1
C48: Dissolution rate of ENPs (S) in agricultural soil pore water | G48: kdis.s2S.s2D | H48: [s-1] | J48: =IF(HLOOKUP(CaseName,CaseData,MATCH($G48,cases!$G$3:$G$1259,0)-1,FALSE)="",IF(ISBLANK(VLOOKUP(ChemName,ChemData,MATCH(G48,substances!$3:$3,FALSE)-1,FALSE)),"",VLOOKUP(ChemName,ChemData,MATCH(G48,substances!$3:$3,FALSE)-1,FALSE)),HLOOKUP(CaseName,CaseData,MATCH($G48,cases!$G$3:$G$1259,0)-1,FALSE)) | K48: 0 | L48: =IF(ISBLANK(I48), IF(ISNUMBER(J48)=FALSE, K48, J48), I48) -> 0 | M48: s-1
C49: Dissolution rate of ENPs (S) in other soil pore water | G49: kdis.s3S.s3D | H49: [s-1] | J49: =IF(HLOOKUP(CaseName,CaseData,MATCH($G49,cases!$G$3:$G$1259,0)-1,FALSE)="",IF(ISBLANK(VLOOKUP(ChemName,ChemData,MATCH(G49,substances!$3:$3,FALSE)-1,FALSE)),"",VLOOKUP(ChemName,ChemData,MATCH(G49,substances!$3:$3,FALSE)-1,FALSE)),HLOOKUP(CaseName,CaseData,MATCH($G49,cases!$G$3:$G$1259,0)-1,FALSE)) | K49: 0 | L49: =IF(ISBLANK(I49), IF(ISNUMBER(J49)=FALSE, K49, J49), I49) -> 0 | M49: s-1
C50: Dissolution rate of ENPs (S) in lake sediment | G50: kdis.sd0S.sd0D | H50: [s-1] | J50: =IF(HLOOKUP(CaseName,CaseData,MATCH($G50,cases!$G$3:$G$1259,0)-1,FALSE)="",IF(ISBLANK(VLOOKUP(ChemName,ChemData,MATCH(G50,substances!$3:$3,FALSE)-1,FALSE)),"",VLOOKUP(ChemName,ChemData,MATCH(G50,substances!$3:$3,FALSE)-1,FALSE)),HLOOKUP(CaseName,CaseData,MATCH($G50,cases!$G$3:$G$1259,0)-1,FALSE)) | K50: 0 | L50: =IF(ISBLANK(I50), IF(ISNUMBER(J50)=FALSE, K50, J50), I50) -> 0 | M50: s-1
C51: Dissolution rate of ENPs (S) in fresh sediment | G51: kdis.sd1S.sd1D | H51: [s-1] | J51: =IF(HLOOKUP(CaseName,CaseData,MATCH($G51,cases!$G$3:$G$1259,0)-1,FALSE)="",IF(ISBLANK(VLOOKUP(ChemName,ChemData,MATCH(G51,substances!$3:$3,FALSE)-1,FALSE)),"",VLOOKUP(ChemName,ChemData,MATCH(G51,substances!$3:$3,FALSE)-1,FALSE)),HLOOKUP(CaseName,CaseData,MATCH($G51,cases!$G$3:$G$1259,0)-1,FALSE)) | K51: 0 | L51: =IF(ISBLANK(I51), IF(ISNUMBER(J51)=FALSE, K51, J51), I51) -> 0 | M51: s-1
C52: Dissolution rate of ENPs (S) in marine sediment | G52: kdis.sd2S.sd2D | H52: [s-1] | J52: =IF(HLOOKUP(CaseName,CaseData,MATCH($G52,cases!$G$3:$G$1259,0)-1,FALSE)="",IF(ISBLANK(VLOOKUP(ChemName,ChemData,MATCH(G52,substances!$3:$3,FALSE)-1,FALSE)),"",VLOOKUP(ChemName,ChemData,MATCH(G52,substances!$3:$3,FALSE)-1,FALSE)),HLOOKUP(CaseName,CaseData,MATCH($G52,cases!$G$3:$G$1259,0)-1,FALSE)) | K52: 0 | L52: =IF(ISBLANK(I52), IF(ISNUMBER(J52)=FALSE, K52, J52), I52) -> 0 | M52: s-1
C53: Dissolution rate of ENPs (S) in deep sea water | G53: kdis.w3S.w3D | H53: [s-1] | J53: =IF(HLOOKUP(CaseName,CaseData,MATCH($G53,cases!$G$3:$G$1259,0)-1,FALSE)="",IF(ISBLANK(VLOOKUP(ChemName,ChemData,MATCH(G53,substances!$3:$3,FALSE)-1,FALSE)),"",VLOOKUP(ChemName,ChemData,MATCH(G53,substances!$3:$3,FALSE)-1,FALSE)),HLOOKUP(CaseName,CaseData,MATCH($G53,cases!$G$3:$G$1259,0)-1,FALSE)) | K53: 0 | L53: =IF(ISBLANK(I53), IF(ISNUMBER(J53)=FALSE, K53, J53), I53) -> 0 | M53: s-1
C54: Heteroagglomerates (Default values from S species):
C55: Dissolution rate of heteroagglomerates of ENPs and NCs (A) in lake water | G55: kdis.w0A.w0D | H55: [s-1] | J55: =IF(HLOOKUP(CaseName,CaseData,MATCH($G55,cases!$G$3:$G$1259,0)-1,FALSE)="",IF(ISBLANK(VLOOKUP(ChemName,ChemData,MATCH(G55,substances!$3:$3,FALSE)-1,FALSE)),"",VLOOKUP(ChemName,ChemData,MATCH(G55,substances!$3:$3,FALSE)-1,FALSE)),HLOOKUP(CaseName,CaseData,MATCH($G55,cases!$G$3:$G$1259,0)-1,FALSE)) | K55: =L44 -> 0 | L55: =IF(ISBLANK(I55), IF(ISNUMBER(J55)=FALSE, K55, J55), I55) -> 0 | M55: s-1
C56: Dissolution rate of heteroagglomerates of ENPs and SPM (P) in lake water | G56: kdis.w0P.w0D | H56: [s-1] | J56: =IF(HLOOKUP(CaseName,CaseData,MATCH($G56,cases!$G$3:$G$1259,0)-1,FALSE)="",IF(ISBLANK(VLOOKUP(ChemName,ChemData,MATCH(G56,substances!$3:$3,FALSE)-1,FALSE)),"",VLOOKUP(ChemName,ChemData,MATCH(G56,substances!$3:$3,FALSE)-1,FALSE)),HLOOKUP(CaseName,CaseData,MATCH($G56,cases!$G$3:$G$1259,0)-1,FALSE)) | K56: =L44 -> 0 | L56: =IF(ISBLANK(I56), IF(ISNUMBER(J56)=FALSE, K56, J56), I56) -> 0 | M56: s-1
C57: Dissolution rate of heteroagglomerates of ENPs and NCs (A) in fresh water | G57: kdis.w1A.w1D | H57: [s-1] | J57: =IF(HLOOKUP(CaseName,CaseData,MATCH($G57,cases!$G$3:$G$1259,0)-1,FALSE)="",IF(ISBLANK(VLOOKUP(ChemName,ChemData,MATCH(G57,substances!$3:$3,FALSE)-1,FALSE)),"",VLOOKUP(ChemName,ChemData,MATCH(G57,substances!$3:$3,FALSE)-1,FALSE)),HLOOKUP(CaseName,CaseData,MATCH($G57,cases!$G$3:$G$1259,0)-1,FALSE)) | K57: =L45 -> 0 | L57: =IF(ISBLANK(I57), IF(ISNUMBER(J57)=FALSE, K57, J57), I57) -> 0 | M57: s-1
C58: Dissolution rate of heteroagglomerates of ENPs and SPM (P) in fresh water | G58: kdis.w1P.w1D | H58: [s-1] | J58: =IF(HLOOKUP(CaseName,CaseData,MATCH($G58,cases!$G$3:$G$1259,0)-1,FALSE)="",IF(ISBLANK(VLOOKUP(ChemName,ChemData,MATCH(G58,substances!$3:$3,FALSE)-1,FALSE)),"",VLOOKUP(ChemName,ChemData,MATCH(G58,substances!$3:$3,FALSE)-1,FALSE)),HLOOKUP(CaseName,CaseData,MATCH($G58,cases!$G$3:$G$1259,0)-1,FALSE)) | K58: =L45 -> 0 | L58: =IF(ISBLANK(I58), IF(ISNUMBER(J58)=FALSE, K58, J58), I58) -> 0 | M58: s-1
C59: Dissolution rate of heteroagglomerates of ENPs and NCs (A) in sea water | G59: kdis.w2A.w2D | H59: [s-1] | J59: =IF(HLOOKUP(CaseName,CaseData,MATCH($G59,cases!$G$3:$G$1259,0)-1,FALSE)="",IF(ISBLANK(VLOOKUP(ChemName,ChemData,MATCH(G59,substances!$3:$3,FALSE)-1,FALSE)),"",VLOOKUP(ChemName,ChemData,MATCH(G59,substances!$3:$3,FALSE)-1,FALSE)),HLOOKUP(CaseName,CaseData,MATCH($G59,cases!$G$3:$G$1259,0)-1,FALSE)) | K59: =L46 -> 0 | L59: =IF(ISBLANK(I59), IF(ISNUMBER(J59)=FALSE, K59, J59), I59) -> 0 | M59: s-1
C60: Dissolution rate of heteroagglomerates of ENPs and SPM (P) in sea water | G60: kdis.w2P.w2D | H60: [s-1] | J60: =IF(HLOOKUP(CaseName,CaseData,MATCH($G60,cases!$G$3:$G$1259,0)-1,FALSE)="",IF(ISBLANK(VLOOKUP(ChemName,ChemData,MATCH(G60,substances!$3:$3,FALSE)-1,FALSE)),"",VLOOKUP(ChemName,ChemData,MATCH(G60,substances!$3:$3,FALSE)-1,FALSE)),HLOOKUP(CaseName,CaseData,MATCH($G60,cases!$G$3:$G$1259,0)-1,FALSE)) | K60: =L46 -> 0 | L60: =IF(ISBLANK(I60), IF(ISNUMBER(J60)=FALSE, K60, J60), I60) -> 0 | M60: s-1
C61: Dissolution rate of heteroagglomerates of ENPs and NCs (A) in natural soil pore water | G61: kdis.s1A.s1D | H61: [s-1] | J61: =IF(HLOOKUP(CaseName,CaseData,MATCH($G61,cases!$G$3:$G$1259,0)-1,FALSE)="",IF(ISBLANK(VLOOKUP(ChemName,ChemData,MATCH(G61,substances!$3:$3,FALSE)-1,FALSE)),"",VLOOKUP(ChemName,ChemData,MATCH(G61,substances!$3:$3,FALSE)-1,FALSE)),HLOOKUP(CaseName,CaseData,MATCH($G61,cases!$G$3:$G$1259,0)-1,FALSE)) | K61: =L47 -> 0 | L61: =IF(ISBLANK(I61), IF(ISNUMBER(J61)=FALSE, K61, J61), I61) -> 0 | M61: s-1
C62: Dissolution rate of heteroagglomerates of ENPs and FP (P) in natural soil | G62: kdis.s1P.s1D | H62: [s-1] | J62: =IF(HLOOKUP(CaseName,CaseData,MATCH($G62,cases!$G$3:$G$1259,0)-1,FALSE)="",IF(ISBLANK(VLOOKUP(ChemName,ChemData,MATCH(G62,substances!$3:$3,FALSE)-1,FALSE)),"",VLOOKUP(ChemName,ChemData,MATCH(G62,substances!$3:$3,FALSE)-1,FALSE)),HLOOKUP(CaseName,CaseData,MATCH($G62,cases!$G$3:$G$1259,0)-1,FALSE)) | K62: =L47 -> 0 | L62: =IF(ISBLANK(I62), IF(ISNUMBER(J62)=FALSE, K62, J62), I62) -> 0 | M62: s-1
C63: Dissolution rate of heteroagglomerates of ENPs and NCs (A) in agricultural soil pore water | G63: kdis.s2A.s2D | H63: [s-1] | J63: =IF(HLOOKUP(CaseName,CaseData,MATCH($G63,cases!$G$3:$G$1259,0)-1,FALSE)="",IF(ISBLANK(VLOOKUP(ChemName,ChemData,MATCH(G63,substances!$3:$3,FALSE)-1,FALSE)),"",VLOOKUP(ChemName,ChemData,MATCH(G63,substances!$3:$3,FALSE)-1,FALSE)),HLOOKUP(CaseName,CaseData,MATCH($G63,cases!$G$3:$G$1259,0)-1,FALSE)) | K63: =L48 -> 0 | L63: =IF(ISBLANK(I63), IF(ISNUMBER(J63)=FALSE, K63, J63), I63) -> 0 | M63: s-1
C64: Dissolution rate of heteroagglomerates of ENPs and FP (P) in agricultural soil | G64: kdis.s2P.s2D | H64: [s-1] | J64: =IF(HLOOKUP(CaseName,CaseData,MATCH($G64,cases!$G$3:$G$1259,0)-1,FALSE)="",IF(ISBLANK(VLOOKUP(ChemName,ChemData,MATCH(G64,substances!$3:$3,FALSE)-1,FALSE)),"",VLOOKUP(ChemName,ChemData,MATCH(G64,substances!$3:$3,FALSE)-1,FALSE)),HLOOKUP(CaseName,CaseData,MATCH($G64,cases!$G$3:$G$1259,0)-1,FALSE)) | K64: =L48 -> 0 | L64: =IF(ISBLANK(I64), IF(ISNUMBER(J64)=FALSE, K64, J64), I64) -> 0 | M64: s-1
C65: Dissolution rate of heteroagglomerates of ENPs and NCs (A) in other soil pore water | G65: kdis.s3A.s3D | H65: [s-1] | J65: =IF(HLOOKUP(CaseName,CaseData,MATCH($G65,cases!$G$3:$G$1259,0)-1,FALSE)="",IF(ISBLANK(VLOOKUP(ChemName,ChemData,MATCH(G65,substances!$3:$3,FALSE)-1,FALSE)),"",VLOOKUP(ChemName,ChemData,MATCH(G65,substances!$3:$3,FALSE)-1,FALSE)),HLOOKUP(CaseName,CaseData,MATCH($G65,cases!$G$3:$G$1259,0)-1,FALSE)) | K65: =L49 -> 0 | L65: =IF(ISBLANK(I65), IF(ISNUMBER(J65)=FALSE, K65, J65), I65) -> 0 | M65: s-1
C66: Dissolution rate of heteroagglomerates of ENPs and FP (P) in other soil | G66: kdis.s3P.s3D | H66: [s-1] | J66: =IF(HLOOKUP(CaseName,CaseData,MATCH($G66,cases!$G$3:$G$1259,0)-1,FALSE)="",IF(ISBLANK(VLOOKUP(ChemName,ChemData,MATCH(G66,substances!$3:$3,FALSE)-1,FALSE)),"",VLOOKUP(ChemName,ChemData,MATCH(G66,substances!$3:$3,FALSE)-1,FALSE)),HLOOKUP(CaseName,CaseData,MATCH($G66,cases!$G$3:$G$1259,0)-1,FALSE)) | K66: =L49 -> 0 | L66: =IF(ISBLANK(I66), IF(ISNUMBER(J66)=FALSE, K66, J66), I66) -> 0 | M66: s-1
C67: Dissolution rate of heteroagglomerates of ENPs and NCs (A) in lake sediment | G67: kdis.sd0A.sd0D | H67: [s-1] | J67: =IF(HLOOKUP(CaseName,CaseData,MATCH($G67,cases!$G$3:$G$1259,0)-1,FALSE)="",IF(ISBLANK(VLOOKUP(ChemName,ChemData,MATCH(G67,substances!$3:$3,FALSE)-1,FALSE)),"",VLOOKUP(ChemName,ChemData,MATCH(G67,substances!$3:$3,FALSE)-1,FALSE)),HLOOKUP(CaseName,CaseData,MATCH($G67,cases!$G$3:$G$1259,0)-1,FALSE)) | K67: =L50 -> 0 | L67: =IF(ISBLANK(I67), IF(ISNUMBER(J67)=FALSE, K67, J67), I67) -> 0 | M67: s-1
C68: Dissolution rate of heteroagglomerates of ENPs and FP (P) in lake sediment | G68: kdis.sd0P.sd0D | H68: [s-1] | J68: =IF(HLOOKUP(CaseName,CaseData,MATCH($G68,cases!$G$3:$G$1259,0)-1,FALSE)="",IF(ISBLANK(VLOOKUP(ChemName,ChemData,MATCH(G68,substances!$3:$3,FALSE)-1,FALSE)),"",VLOOKUP(ChemName,ChemData,MATCH(G68,substances!$3:$3,FALSE)-1,FALSE)),HLOOKUP(CaseName,CaseData,MATCH($G68,cases!$G$3:$G$1259,0)-1,FALSE)) | K68: =L50 -> 0 | L68: =IF(ISBLANK(I68), IF(ISNUMBER(J68)=FALSE, K68, J68), I68) -> 0 | M68: s-1
C69: Dissolution rate of heteroagglomerates of ENPs and NCs (A) in fresh sediment | G69: kdis.sd1A.sd1D | H69: [s-1] | J69: =IF(HLOOKUP(CaseName,CaseData,MATCH($G69,cases!$G$3:$G$1259,0)-1,FALSE)="",IF(ISBLANK(VLOOKUP(ChemName,ChemData,MATCH(G69,substances!$3:$3,FALSE)-1,FALSE)),"",VLOOKUP(ChemName,ChemData,MATCH(G69,substances!$3:$3,FALSE)-1,FALSE)),HLOOKUP(CaseName,CaseData,MATCH($G69,cases!$G$3:$G$1259,0)-1,FALSE)) | K69: =L51 -> 0 | L69: =IF(ISBLANK(I69), IF(ISNUMBER(J69)=FALSE, K69, J69), I69) -> 0 | M69: s-1
C70: Dissolution rate of heteroagglomerates of ENPs and FP (P) in fresh sediment | G70: kdis.sd1P.sd1D | H70: [s-1] | J70: =IF(HLOOKUP(CaseName,CaseData,MATCH($G70,cases!$G$3:$G$1259,0)-1,FALSE)="",IF(ISBLANK(VLOOKUP(ChemName,ChemData,MATCH(G70,substances!$3:$3,FALSE)-1,FALSE)),"",VLOOKUP(ChemName,ChemData,MATCH(G70,substances!$3:$3,FALSE)-1,FALSE)),HLOOKUP(CaseName,CaseData,MATCH($G70,cases!$G$3:$G$1259,0)-1,FALSE)) | K70: =L51 -> 0 | L70: =IF(ISBLANK(I70), IF(ISNUMBER(J70)=FALSE, K70, J70), I70) -> 0 | M70: s-1
C71: Dissolution rate of heteroagglomerates of ENPs and NCs (A) in marine sediment | G71: kdis.sd2A.sd2D | H71: [s-1] | J71: =IF(HLOOKUP(CaseName,CaseData,MATCH($G71,cases!$G$3:$G$1259,0)-1,FALSE)="",IF(ISBLANK(VLOOKUP(ChemName,ChemData,MATCH(G71,substances!$3:$3,FALSE)-1,FALSE)),"",VLOOKUP(ChemName,ChemData,MATCH(G71,substances!$3:$3,FALSE)-1,FALSE)),HLOOKUP(CaseName,CaseData,MATCH($G71,cases!$G$3:$G$1259,0)-1,FALSE)) | K71: =L52 -> 0 | L71: =IF(ISBLANK(I71), IF(ISNUMBER(J71)=FALSE, K71, J71), I71) -> 0 | M71: s-1
C72: Dissolution rate of heteroagglomerates of ENPs and FP (P) in marine sediment | G72: kdis.sd2P.sd2D | H72: [s-1] | J72: =IF(HLOOKUP(CaseName,CaseData,MATCH($G72,cases!$G$3:$G$1259,0)-1,FALSE)="",IF(ISBLANK(VLOOKUP(ChemName,ChemData,MATCH(G72,substances!$3:$3,FALSE)-1,FALSE)),"",VLOOKUP(ChemName,ChemData,MATCH(G72,substances!$3:$3,FALSE)-1,FALSE)),HLOOKUP(CaseName,CaseData,MATCH($G72,cases!$G$3:$G$1259,0)-1,FALSE)) | K72: =L52 -> 0 | L72: =IF(ISBLANK(I72), IF(ISNUMBER(J72)=FALSE, K72, J72), I72) -> 0 | M72: s-1
C73: Dissolution rate of heteroagglomerates of ENPs and NCs (A) in deep sea water | G73: kdis.w3A.w3D | H73: [s-1] | J73: =IF(HLOOKUP(CaseName,CaseData,MATCH($G73,cases!$G$3:$G$1259,0)-1,FALSE)="",IF(ISBLANK(VLOOKUP(ChemName,ChemData,MATCH(G73,substances!$3:$3,FALSE)-1,FALSE)),"",VLOOKUP(ChemName,ChemData,MATCH(G73,substances!$3:$3,FALSE)-1,FALSE)),HLOOKUP(CaseName,CaseData,MATCH($G73,cases!$G$3:$G$1259,0)-1,FALSE)) | K73: =L53 -> 0 | L73: =IF(ISBLANK(I73), IF(ISNUMBER(J73)=FALSE, K73, J73), I73) -> 0 | M73: s-1
C74: Dissolution rate of heteroagglomerates of ENPs and SPM (P) in deep sea water | G74: kdis.w3P.w3D | H74: [s-1] | J74: =IF(HLOOKUP(CaseName,CaseData,MATCH($G74,cases!$G$3:$G$1259,0)-1,FALSE)="",IF(ISBLANK(VLOOKUP(ChemName,ChemData,MATCH(G74,substances!$3:$3,FALSE)-1,FALSE)),"",VLOOKUP(ChemName,ChemData,MATCH(G74,substances!$3:$3,FALSE)-1,FALSE)),HLOOKUP(CaseName,CaseData,MATCH($G74,cases!$G$3:$G$1259,0)-1,FALSE)) | K74: =L53 -> 0 | L74: =IF(ISBLANK(I74), IF(ISNUMBER(J74)=FALSE, K74, J74), I74) -> 0 | M74: s-1
C76: ENP transformation/degradation rates for different species in different aqueous media | G76: Variable Name | H76: Unit | I76: User input | J76: LookUp | K76: Default | L76: Used | N76: Notes
C77: Pristine ENPs:
C78: Degradation rate constant of ENPs (S) in air | G78: kdegS.a | H78: [s-1] | J78: =IF(HLOOKUP(CaseName,CaseData,MATCH($G78,cases!$G$3:$G$1259,0)-1,FALSE)="",IF(ISBLANK(VLOOKUP(ChemName,ChemData,MATCH(G78,substances!$3:$3,FALSE)-1,FALSE)),"",VLOOKUP(ChemName,ChemData,MATCH(G78,substances!$3:$3,FALSE)-1,FALSE)),HLOOKUP(CaseName,CaseData,MATCH($G78,cases!$G$3:$G$1259,0)-1,FALSE)) | K78: =kfragS.a+kmpdeg.a -> 0 | L78: =IF(ISBLANK(I78), IF(ISNUMBER(J78)=FALSE, K78, J78), I78) -> 0 | M78: s-1
D79: Particle fragmentation rate constant ENPs (S) in air | G79: kfragS.a | H79: [s-1] | J79: =IF(HLOOKUP(CaseName,CaseData,MATCH($G79,cases!$G$3:$G$1259,0)-1,FALSE)="",IF(ISBLANK(VLOOKUP(ChemName,ChemData,MATCH(G79,substances!$3:$3,FALSE)-1,FALSE)),"",VLOOKUP(ChemName,ChemData,MATCH(G79,substances!$3:$3,FALSE)-1,FALSE)),HLOOKUP(CaseName,CaseData,MATCH($G79,cases!$G$3:$G$1259,0)-1,FALSE)) | K79: 0 | L79: =IF(ISBLANK(I79), IF(ISNUMBER(J79)=FALSE, K79, J79), I79) -> 0 | M79: s-1
D80: Polymer mineralisation and other elemental degradation rate constant ENPs (S) in air | G80: kmpdeg.a | H80: [s-1] | J80: =IF(HLOOKUP(CaseName,CaseData,MATCH($G80,cases!$G$3:$G$1259,0)-1,FALSE)="",IF(ISBLANK(VLOOKUP(ChemName,ChemData,MATCH(G80,substances!$3:$3,FALSE)-1,FALSE)),"",VLOOKUP(ChemName,ChemData,MATCH(G80,substances!$3:$3,FALSE)-1,FALSE)),HLOOKUP(CaseName,CaseData,MATCH($G80,cases!$G$3:$G$1259,0)-1,FALSE)) | K80: 0 | L80: =IF(ISBLANK(I80), IF(ISNUMBER(J80)=FALSE, K80, J80), I80) -> 0 | M80: s-1
C81: Degradation rate constant of ENPs (S) in lake water | G81: kdegS.w0 | H81: [s-1] | J81: =IF(HLOOKUP(CaseName,CaseData,MATCH($G81,cases!$G$3:$G$1259,0)-1,FALSE)="",IF(ISBLANK(VLOOKUP(ChemName,ChemData,MATCH(G81,substances!$3:$3,FALSE)-1,FALSE)),"",VLOOKUP(ChemName,ChemData,MATCH(G81,substances!$3:$3,FALSE)-1,FALSE)),HLOOKUP(CaseName,CaseData,MATCH($G81,cases!$G$3:$G$1259,0)-1,FALSE)) | K81: =kfragS.w1+kmpdeg.w1 -> 0 | L81: =IF(ISBLANK(I81), IF(ISNUMBER(J81)=FALSE, K81, J81), I81) -> 0 | M81: s-1
C82: Degradation rate constant of ENPs (S) in fresh water | G82: kdegS.w1 | H82: [s-1] | J82: =IF(HLOOKUP(CaseName,CaseData,MATCH($G82,cases!$G$3:$G$1259,0)-1,FALSE)="",IF(ISBLANK(VLOOKUP(ChemName,ChemData,MATCH(G82,substances!$3:$3,FALSE)-1,FALSE)),"",VLOOKUP(ChemName,ChemData,MATCH(G82,substances!$3:$3,FALSE)-1,FALSE)),HLOOKUP(CaseName,CaseData,MATCH($G82,cases!$G$3:$G$1259,0)-1,FALSE)) | K82: =kfragS.w1+kmpdeg.w1 -> 0 | L82: =IF(ISBLANK(I82), IF(ISNUMBER(J82)=FALSE, K82, J82), I82) -> 0 | M82: s-1
D83: Particle fragmentation rate constant ENPs (S) in fresh water | G83: kfragS.w1 | H83: [s-1] | J83: =IF(HLOOKUP(CaseName,CaseData,MATCH($G83,cases!$G$3:$G$1259,0)-1,FALSE)="",IF(ISBLANK(VLOOKUP(ChemName,ChemData,MATCH(G83,substances!$3:$3,FALSE)-1,FALSE)),"",VLOOKUP(ChemName,ChemData,MATCH(G83,substances!$3:$3,FALSE)-1,FALSE)),HLOOKUP(CaseName,CaseData,MATCH($G83,cases!$G$3:$G$1259,0)-1,FALSE)) | K83: 0 | L83: =IF(ISBLANK(I83), IF(ISNUMBER(J83)=FALSE, K83, J83), I83) -> 0 | M83: s-1
D84: Polymer mineralisation and other elemental degradation rate constant ENPs (S) in fresh water | G84: kmpdeg.w1 | H84: [s-1] | J84: =IF(HLOOKUP(CaseName,CaseData,MATCH($G84,cases!$G$3:$G$1259,0)-1,FALSE)="",IF(ISBLANK(VLOOKUP(ChemName,ChemData,MATCH(G84,substances!$3:$3,FALSE)-1,FALSE)),"",VLOOKUP(ChemName,ChemData,MATCH(G84,substances!$3:$3,FALSE)-1,FALSE)),HLOOKUP(CaseName,CaseData,MATCH($G84,cases!$G$3:$G$1259,0)-1,FALSE)) | K84: 0 | L84: =IF(ISBLANK(I84), IF(ISNUMBER(J84)=FALSE, K84, J84), I84) -> 0 | M84: s-1
C85: Degradation rate constant of ENPs (S) in sea water | G85: kdegS.w2 | H85: [s-1] | J85: =IF(HLOOKUP(CaseName,CaseData,MATCH($G85,cases!$G$3:$G$1259,0)-1,FALSE)="",IF(ISBLANK(VLOOKUP(ChemName,ChemData,MATCH(G85,substances!$3:$3,FALSE)-1,FALSE)),"",VLOOKUP(ChemName,ChemData,MATCH(G85,substances!$3:$3,FALSE)-1,FALSE)),HLOOKUP(CaseName,CaseData,MATCH($G85,cases!$G$3:$G$1259,0)-1,FALSE)) | K85: =kfragS.w2+kmpdeg.w2 -> 0 | L85: =IF(ISBLANK(I85), IF(ISNUMBER(J85)=FALSE, K85, J85), I85) -> 0 | M85: s-1
D86: Particle fragmentation rate constant ENPs (S) in sea water | G86: kfragS.w2 | H86: [s-1] | J86: =IF(HLOOKUP(CaseName,CaseData,MATCH($G86,cases!$G$3:$G$1259,0)-1,FALSE)="",IF(ISBLANK(VLOOKUP(ChemName,ChemData,MATCH(G86,substances!$3:$3,FALSE)-1,FALSE)),"",VLOOKUP(ChemName,ChemData,MATCH(G86,substances!$3:$3,FALSE)-1,FALSE)),HLOOKUP(CaseName,CaseData,MATCH($G86,cases!$G$3:$G$1259,0)-1,FALSE)) | K86: 0 | L86: =IF(ISBLANK(I86), IF(ISNUMBER(J86)=FALSE, K86, J86), I86) -> 0 | M86: s-1
D87: Polymer mineralisation and other elemental degradation rate constant ENPs (S) in sea water | G87: kmpdeg.w2 | H87: [s-1] | J87: =IF(HLOOKUP(CaseName,CaseData,MATCH($G87,cases!$G$3:$G$1259,0)-1,FALSE)="",IF(ISBLANK(VLOOKUP(ChemName,ChemData,MATCH(G87,substances!$3:$3,FALSE)-1,FALSE)),"",VLOOKUP(ChemName,ChemData,MATCH(G87,substances!$3:$3,FALSE)-1,FALSE)),HLOOKUP(CaseName,CaseData,MATCH($G87,cases!$G$3:$G$1259,0)-1,FALSE)) | K87: 0 | L87: =IF(ISBLANK(I87), IF(ISNUMBER(J87)=FALSE, K87, J87), I87) -> 0 | M87: s-1
C88: Degradation rate constant of ENPs (S) in natural soil | G88: kdegS.s1 | H88: [s-1] | J88: =IF(HLOOKUP(CaseName,CaseData,MATCH($G88,cases!$G$3:$G$1259,0)-1,FALSE)="",IF(ISBLANK(VLOOKUP(ChemName,ChemData,MATCH(G88,substances!$3:$3,FALSE)-1,FALSE)),"",VLOOKUP(ChemName,ChemData,MATCH(G88,substances!$3:$3,FALSE)-1,FALSE)),HLOOKUP(CaseName,CaseData,MATCH($G88,cases!$G$3:$G$1259,0)-1,FALSE)) | K88: =kfragS.s+kmpdeg.s -> 0 | L88: =IF(ISBLANK(I88), IF(ISNUMBER(J88)=FALSE, K88, J88), I88) -> 0 | M88: s-1
C89: Degradation rate constant of ENPs (S) in agricultural soil | G89: kdegS.s2 | H89: [s-1] | J89: =IF(HLOOKUP(CaseName,CaseData,MATCH($G89,cases!$G$3:$G$1259,0)-1,FALSE)="",IF(ISBLANK(VLOOKUP(ChemName,ChemData,MATCH(G89,substances!$3:$3,FALSE)-1,FALSE)),"",VLOOKUP(ChemName,ChemData,MATCH(G89,substances!$3:$3,FALSE)-1,FALSE)),HLOOKUP(CaseName,CaseData,MATCH($G89,cases!$G$3:$G$1259,0)-1,FALSE)) | K89: =kfragS.s+kmpdeg.s -> 0 | L89: =IF(ISBLANK(I89), IF(ISNUMBER(J89)=FALSE, K89, J89), I89) -> 0 | M89: s-1
C90: Degradation rate constant of ENPs (S) in other soil | G90: kdegS.s3 | H90: [s-1] | J90: =IF(HLOOKUP(CaseName,CaseData,MATCH($G90,cases!$G$3:$G$1259,0)-1,FALSE)="",IF(ISBLANK(VLOOKUP(ChemName,ChemData,MATCH(G90,substances!$3:$3,FALSE)-1,FALSE)),"",VLOOKUP(ChemName,ChemData,MATCH(G90,substances!$3:$3,FALSE)-1,FALSE)),HLOOKUP(CaseName,CaseData,MATCH($G90,cases!$G$3:$G$1259,0)-1,FALSE)) | K90: =kfragS.s+kmpdeg.s -> 0 | L90: =IF(ISBLANK(I90), IF(ISNUMBER(J90)=FALSE, K90, J90), I90) -> 0 | M90: s-1
D91: Particle fragmentation rate constant ENPs (S) in soil | G91: kfragS.s | H91: [s-1] | J91: =IF(HLOOKUP(CaseName,CaseData,MATCH($G91,cases!$G$3:$G$1259,0)-1,FALSE)="",IF(ISBLANK(VLOOKUP(ChemName,ChemData,MATCH(G91,substances!$3:$3,FALSE)-1,FALSE)),"",VLOOKUP(ChemName,ChemData,MATCH(G91,substances!$3:$3,FALSE)-1,FALSE)),HLOOKUP(CaseName,CaseData,MATCH($G91,cases!$G$3:$G$1259,0)-1,FALSE)) | K91: 0 | L91: =IF(ISBLANK(I91), IF(ISNUMBER(J91)=FALSE, K91, J91), I91) -> 0 | M91: s-1
D92: Polymer mineralisation and other elemental degradation rate constant ENPs (S) in soil | G92: kmpdeg.s | H92: [s-1] | J92: =IF(HLOOKUP(CaseName,CaseData,MATCH($G92,cases!$G$3:$G$1259,0)-1,FALSE)="",IF(ISBLANK(VLOOKUP(ChemName,ChemData,MATCH(G92,substances!$3:$3,FALSE)-1,FALSE)),"",VLOOKUP(ChemName,ChemData,MATCH(G92,substances!$3:$3,FALSE)-1,FALSE)),HLOOKUP(CaseName,CaseData,MATCH($G92,cases!$G$3:$G$1259,0)-1,FALSE)) | K92: 0 | L92: =IF(ISBLANK(I92), IF(ISNUMBER(J92)=FALSE, K92, J92), I92) -> 0 | M92: s-1
C93: Degradation rate constant of ENPs (S) in lake sediment | G93: kdegS.sd0 | H93: [s-1] | J93: =IF(HLOOKUP(CaseName,CaseData,MATCH($G93,cases!$G$3:$G$1259,0)-1,FALSE)="",IF(ISBLANK(VLOOKUP(ChemName,ChemData,MATCH(G93,substances!$3:$3,FALSE)-1,FALSE)),"",VLOOKUP(ChemName,ChemData,MATCH(G93,substances!$3:$3,FALSE)-1,FALSE)),HLOOKUP(CaseName,CaseData,MATCH($G93,cases!$G$3:$G$1259,0)-1,FALSE)) | K93: =kfragS.sd+kmpdeg.sd -> 0 | L93: =IF(ISBLANK(I93), IF(ISNUMBER(J93)=FALSE, K93, J93), I93) -> 0 | M93: s-1
C94: Degradation rate constant of ENPs (S) in fresh sediment | G94: kdegS.sd1 | H94: [s-1] | J94: =IF(HLOOKUP(CaseName,CaseData,MATCH($G94,cases!$G$3:$G$1259,0)-1,FALSE)="",IF(ISBLANK(VLOOKUP(ChemName,ChemData,MATCH(G94,substances!$3:$3,FALSE)-1,FALSE)),"",VLOOKUP(ChemName,ChemData,MATCH(G94,substances!$3:$3,FALSE)-1,FALSE)),HLOOKUP(CaseName,CaseData,MATCH($G94,cases!$G$3:$G$1259,0)-1,FALSE)) | K94: =kfragS.sd+kmpdeg.sd -> 0 | L94: =IF(ISBLANK(I94), IF(ISNUMBER(J94)=FALSE, K94, J94), I94) -> 0 | M94: s-1
C95: Degradation rate constant of ENPs (S) in marine sediment | G95: kdegS.sd2 | H95: [s-1] | J95: =IF(HLOOKUP(CaseName,CaseData,MATCH($G95,cases!$G$3:$G$1259,0)-1,FALSE)="",IF(ISBLANK(VLOOKUP(ChemName,ChemData,MATCH(G95,substances!$3:$3,FALSE)-1,FALSE)),"",VLOOKUP(ChemName,ChemData,MATCH(G95,substances!$3:$3,FALSE)-1,FALSE)),HLOOKUP(CaseName,CaseData,MATCH($G95,cases!$G$3:$G$1259,0)-1,FALSE)) | K95: =kfragS.sd+kmpdeg.sd -> 0 | L95: =IF(ISBLANK(I95), IF(ISNUMBER(J95)=FALSE, K95, J95), I95) -> 0 | M95: s-1
D96: Particle fragmentation rate constant ENPs (S) in sediment | G96: kfragS.sd | H96: [s-1] | J96: =IF(HLOOKUP(CaseName,CaseData,MATCH($G96,cases!$G$3:$G$1259,0)-1,FALSE)="",IF(ISBLANK(VLOOKUP(ChemName,ChemData,MATCH(G96,substances!$3:$3,FALSE)-1,FALSE)),"",VLOOKUP(ChemName,ChemData,MATCH(G96,substances!$3:$3,FALSE)-1,FALSE)),HLOOKUP(CaseName,CaseData,MATCH($G96,cases!$G$3:$G$1259,0)-1,FALSE)) | K96: 0 | L96: =IF(ISBLANK(I96), IF(ISNUMBER(J96)=FALSE, K96, J96), I96) -> 0 | M96: s-1
D97: Polymer mineralisation and other elemental degradation rate constant ENPs (S) in sediment | G97: kmpdeg.sd | H97: [s-1] | J97: =IF(HLOOKUP(CaseName,CaseData,MATCH($G97,cases!$G$3:$G$1259,0)-1,FALSE)="",IF(ISBLANK(VLOOKUP(ChemName,ChemData,MATCH(G97,substances!$3:$3,FALSE)-1,FALSE)),"",VLOOKUP(ChemName,ChemData,MATCH(G97,substances!$3:$3,FALSE)-1,FALSE)),HLOOKUP(CaseName,CaseData,MATCH($G97,cases!$G$3:$G$1259,0)-1,FALSE)) | K97: 0 | L97: =IF(ISBLANK(I97), IF(ISNUMBER(J97)=FALSE, K97, J97), I97) -> 0 | M97: s-1
C98: Degradation rate constant of ENPs (S) in deep sea water | G98: kdegS.w3 | H98: [s-1] | J98: =IF(HLOOKUP(CaseName,CaseData,MATCH($G98,cases!$G$3:$G$1259,0)-1,FALSE)="",IF(ISBLANK(VLOOKUP(ChemName,ChemData,MATCH(G98,substances!$3:$3,FALSE)-1,FALSE)),"",VLOOKUP(ChemName,ChemData,MATCH(G98,substances!$3:$3,FALSE)-1,FALSE)),HLOOKUP(CaseName,CaseData,MATCH($G98,cases!$G$3:$G$1259,0)-1,FALSE)) | K98: =kfragS.w3+kmpdeg.w3 -> 0 | L98: =IF(ISBLANK(I98), IF(ISNUMBER(J98)=FALSE, K98, J98), I98) -> 0 | M98: s-1
D99: Particle fragmentation rate constant ENPs (S) in sediment | G99: kfragS.w3 | H99: [s-1] | J99: =IF(HLOOKUP(CaseName,CaseData,MATCH($G99,cases!$G$3:$G$1259,0)-1,FALSE)="",IF(ISBLANK(VLOOKUP(ChemName,ChemData,MATCH(G99,substances!$3:$3,FALSE)-1,FALSE)),"",VLOOKUP(ChemName,ChemData,MATCH(G99,substances!$3:$3,FALSE)-1,FALSE)),HLOOKUP(CaseName,CaseData,MATCH($G99,cases!$G$3:$G$1259,0)-1,FALSE)) | K99: 0 | L99: =IF(ISBLANK(I99), IF(ISNUMBER(J99)=FALSE, K99, J99), I99) -> 0 | M99: s-1
D100: Polymer mineralisation and other elemental degradation rate constant ENPs (S) in sediment | G100: kmpdeg.w3 | H100: [s-1] | J100: =IF(HLOOKUP(CaseName,CaseData,MATCH($G100,cases!$G$3:$G$1259,0)-1,FALSE)="",IF(ISBLANK(VLOOKUP(ChemName,ChemData,MATCH(G100,substances!$3:$3,FALSE)-1,FALSE)),"",VLOOKUP(ChemName,ChemData,MATCH(G100,substances!$3:$3,FALSE)-1,FALSE)),HLOOKUP(CaseName,CaseData,MATCH($G100,cases!$G$3:$G$1259,0)-1,FALSE)) | K100: 0 | L100: =IF(ISBLANK(I100), IF(ISNUMBER(J100)=FALSE, K100, J100), I100) -> 0 | M100: s-1
C101: Heteroagglomerates (Default is value from S species):
C102: Degradation rate constant of heteroagglomerates of ENPs and NCs (A) in air | G102: kdegA.a | H102: [s-1] | J102: =IF(HLOOKUP(CaseName,CaseData,MATCH($G102,cases!$G$3:$G$1259,0)-1,FALSE)="","",HLOOKUP(CaseName,CaseData,MATCH($G102,cases!$G$3:$G$1259,0)-1,FALSE)) | K102: =kdegS.a -> 0 | L102: =IF(ISBLANK(I102), IF(ISNUMBER(J102)=FALSE, K102, J102), I102) -> 0 | M102: s-1
C103: Degradation rate constant of heteroagglomerates of ENPs and SPM (P) in air | G103: kdegP.a | H103: [s-1] | J103: =IF(HLOOKUP(CaseName,CaseData,MATCH($G103,cases!$G$3:$G$1259,0)-1,FALSE)="","",HLOOKUP(CaseName,CaseData,MATCH($G103,cases!$G$3:$G$1259,0)-1,FALSE)) | K103: =kdegS.a -> 0 | L103: =IF(ISBLANK(I103), IF(ISNUMBER(J103)=FALSE, K103, J103), I103) -> 0 | M103: s-1
C104: Degradation rate constant of heteroagglomerates of ENPs and NCs (A) in lake water | G104: kdegA.w0 | H104: [s-1] | J104: =IF(HLOOKUP(CaseName,CaseData,MATCH($G104,cases!$G$3:$G$1259,0)-1,FALSE)="","",HLOOKUP(CaseName,CaseData,MATCH($G104,cases!$G$3:$G$1259,0)-1,FALSE)) | K104: =kdegS.w0 -> 0 | L104: =IF(ISBLANK(I104), IF(ISNUMBER(J104)=FALSE, K104, J104), I104) -> 0 | M104: s-1
C105: Degradation rate constant of heteroagglomerates of ENPs and SPM (P) in lake water | G105: kdegP.w0 | H105: [s-1] | J105: =IF(HLOOKUP(CaseName,CaseData,MATCH($G105,cases!$G$3:$G$1259,0)-1,FALSE)="","",HLOOKUP(CaseName,CaseData,MATCH($G105,cases!$G$3:$G$1259,0)-1,FALSE)) | K105: =kdegS.w0 -> 0 | L105: =IF(ISBLANK(I105), IF(ISNUMBER(J105)=FALSE, K105, J105), I105) -> 0 | M105: s-1
C106: Degradation rate constant of heteroagglomerates of ENPs and NCs (A) in fresh water | G106: kdegA.w1 | H106: [s-1] | J106: =IF(HLOOKUP(CaseName,CaseData,MATCH($G106,cases!$G$3:$G$1259,0)-1,FALSE)="","",HLOOKUP(CaseName,CaseData,MATCH($G106,cases!$G$3:$G$1259,0)-1,FALSE)) | K106: =kdegS.w1 -> 0 | L106: =IF(ISBLANK(I106), IF(ISNUMBER(J106)=FALSE, K106, J106), I106) -> 0 | M106: s-1
C107: Degradation rate constant of heteroagglomerates of ENPs and SPM (P) in fresh water | G107: kdegP.w1 | H107: [s-1] | J107: =IF(HLOOKUP(CaseName,CaseData,MATCH($G107,cases!$G$3:$G$1259,0)-1,FALSE)="","",HLOOKUP(CaseName,CaseData,MATCH($G107,cases!$G$3:$G$1259,0)-1,FALSE)) | K107: =kdegS.w1 -> 0 | L107: =IF(ISBLANK(I107), IF(ISNUMBER(J107)=FALSE, K107, J107), I107) -> 0 | M107: s-1
C108: Degradation rate constant of heteroagglomerates of ENPs and NCs (A) in sea water | G108: kdegA.w2 | H108: [s-1] | J108: =IF(HLOOKUP(CaseName,CaseData,MATCH($G108,cases!$G$3:$G$1259,0)-1,FALSE)="","",HLOOKUP(CaseName,CaseData,MATCH($G108,cases!$G$3:$G$1259,0)-1,FALSE)) | K108: =kdegS.w2 -> 0 | L108: =IF(ISBLANK(I108), IF(ISNUMBER(J108)=FALSE, K108, J108), I108) -> 0 | M108: s-1
C109: Degradation rate constant of heteroagglomerates of ENPs and SPM (P) in sea water | G109: kdegP.w2 | H109: [s-1] | J109: =IF(HLOOKUP(CaseName,CaseData,MATCH($G109,cases!$G$3:$G$1259,0)-1,FALSE)="","",HLOOKUP(CaseName,CaseData,MATCH($G109,cases!$G$3:$G$1259,0)-1,FALSE)) | K109: =kdegS.w2 -> 0 | L109: =IF(ISBLANK(I109), IF(ISNUMBER(J109)=FALSE, K109, J109), I109) -> 0 | M109: s-1
C110: Degradation rate constant of heteroagglomerates of ENPs and NCs (A) in natural soil pore water | G110: kdegA.s1 | H110: [s-1] | J110: =IF(HLOOKUP(CaseName,CaseData,MATCH($G110,cases!$G$3:$G$1259,0)-1,FALSE)="","",HLOOKUP(CaseName,CaseData,MATCH($G110,cases!$G$3:$G$1259,0)-1,FALSE)) | K110: =kdegS.s1 -> 0 | L110: =IF(ISBLANK(I110), IF(ISNUMBER(J110)=FALSE, K110, J110), I110) -> 0 | M110: s-1
C111: Degradation rate constant of heteroagglomerates of ENPs and FP (P) in natural soil | G111: kdegP.s1 | H111: [s-1] | J111: =IF(HLOOKUP(CaseName,CaseData,MATCH($G111,cases!$G$3:$G$1259,0)-1,FALSE)="","",HLOOKUP(CaseName,CaseData,MATCH($G111,cases!$G$3:$G$1259,0)-1,FALSE)) | K111: =kdegS.s1 -> 0 | L111: =IF(ISBLANK(I111), IF(ISNUMBER(J111)=FALSE, K111, J111), I111) -> 0 | M111: s-1
C112: Degradation rate constant of heteroagglomerates of ENPs and NCs (A) in agricultural soil pore water | G112: kdegA.s2 | H112: [s-1] | J112: =IF(HLOOKUP(CaseName,CaseData,MATCH($G112,cases!$G$3:$G$1259,0)-1,FALSE)="","",HLOOKUP(CaseName,CaseData,MATCH($G112,cases!$G$3:$G$1259,0)-1,FALSE)) | K112: =kdegS.s2 -> 0 | L112: =IF(ISBLANK(I112), IF(ISNUMBER(J112)=FALSE, K112, J112), I112) -> 0 | M112: s-1
C113: Degradation rate constant of heteroagglomerates of ENPs and FP (P) in agricultural soil | G113: kdegP.s2 | H113: [s-1] | J113: =IF(HLOOKUP(CaseName,CaseData,MATCH($G113,cases!$G$3:$G$1259,0)-1,FALSE)="","",HLOOKUP(CaseName,CaseData,MATCH($G113,cases!$G$3:$G$1259,0)-1,FALSE)) | K113: =kdegS.s2 -> 0 | L113: =IF(ISBLANK(I113), IF(ISNUMBER(J113)=FALSE, K113, J113), I113) -> 0 | M113: s-1
C114: Degradation rate constant of heteroagglomerates of ENPs and NCs (A) in other soil pore water | G114: kdegA.s3 | H114: [s-1] | J114: =IF(HLOOKUP(CaseName,CaseData,MATCH($G114,cases!$G$3:$G$1259,0)-1,FALSE)="","",HLOOKUP(CaseName,CaseData,MATCH($G114,cases!$G$3:$G$1259,0)-1,FALSE)) | K114: =kdegS.s3 -> 0 | L114: =IF(ISBLANK(I114), IF(ISNUMBER(J114)=FALSE, K114, J114), I114) -> 0 | M114: s-1
C115: Degradation rate constant of heteroagglomerates of ENPs and FP (P) in other soil | G115: kdegP.s3 | H115: [s-1] | J115: =IF(HLOOKUP(CaseName,CaseData,MATCH($G115,cases!$G$3:$G$1259,0)-1,FALSE)="","",HLOOKUP(CaseName,CaseData,MATCH($G115,cases!$G$3:$G$1259,0)-1,FALSE)) | K115: =kdegS.s3 -> 0 | L115: =IF(ISBLANK(I115), IF(ISNUMBER(J115)=FALSE, K115, J115), I115) -> 0 | M115: s-1
C116: Degradation rate constant of heteroagglomerates of ENPs and NCs (A) in lake sediment | G116: kdegA.sd0 | H116: [s-1] | J116: =IF(HLOOKUP(CaseName,CaseData,MATCH($G116,cases!$G$3:$G$1259,0)-1,FALSE)="","",HLOOKUP(CaseName,CaseData,MATCH($G116,cases!$G$3:$G$1259,0)-1,FALSE)) | K116: =kdegS.sd0 -> 0 | L116: =IF(ISBLANK(I116), IF(ISNUMBER(J116)=FALSE, K116, J116), I116) -> 0 | M116: s-1
C117: Degradation rate constant of heteroagglomerates of ENPs and FP (P) in lake sediment | G117: kdegP.sd0 | H117: [s-1] | J117: =IF(HLOOKUP(CaseName,CaseData,MATCH($G117,cases!$G$3:$G$1259,0)-1,FALSE)="","",HLOOKUP(CaseName,CaseData,MATCH($G117,cases!$G$3:$G$1259,0)-1,FALSE)) | K117: =kdegS.sd0 -> 0 | L117: =IF(ISBLANK(I117), IF(ISNUMBER(J117)=FALSE, K117, J117), I117) -> 0 | M117: s-1
...

Sheet regional
A1: REGIONAL SCALE MODEL DEFINITION
A3: ENVIRONMENT | G3: Variable Name | H3: Unit | I3: User input | J3: LookUp | K3: Default | L3: Used | N3: Notes | O3: Equation | P3: Reference
J4: =IF(HLOOKUP(CaseName,CaseData,ROW()+137,FALSE)="","",HLOOKUP(CaseName,CaseData,ROW()+137,FALSE))
A5: VOLUME air compartment | G5: VOLUME.aR | H5: [m3] | J5: =IF(ISBLANK(HLOOKUP(CaseName,CaseData,MATCH($G5,cases!$G$4:$G$2494,0),FALSE)),"",HLOOKUP(CaseName,CaseData,MATCH($G5,cases!$G$4:$G$2494,0),FALSE)) | K5: =L16*L23*(1-L33) -> 229569931129000 | L5: =IF(ISBLANK(I5),IF(ISNUMBER(J5)=FALSE,K5,J5),I5) -> 229569931129000 | M5: m3 | N5: Adjusted for volume of cloud water
A6: VOLUME cloud water in air | G6: VOLUME.cwR | H6: [m3] | J6: =IF(ISBLANK(HLOOKUP(CaseName,CaseData,MATCH($G6,cases!$G$4:$G$2494,0),FALSE)),"",HLOOKUP(CaseName,CaseData,MATCH($G6,cases!$G$4:$G$2494,0),FALSE)) | K6: =L33*L5 -> 68870979 | L6: =IF(ISBLANK(I6),IF(ISNUMBER(J6)=FALSE,K6,J6),I6) -> 68870979 | M6: m3
A7: VOLUME lake water compartment | G7: VOLUME.w0R | H7: [m3] | J7: =IF(ISBLANK(HLOOKUP(CaseName,CaseData,MATCH($G7,cases!$G$4:$G$2494,0),FALSE)),"",HLOOKUP(CaseName,CaseData,MATCH($G7,cases!$G$4:$G$2494,0),FALSE)) | K7: =L16*L17*L24 -> 57142500000 | L7: =IF(ISBLANK(I7),IF(ISNUMBER(J7)=FALSE,K7,J7),I7) -> 57142500000 | M7: m3 | N7: Modeled after Lake Constantz
A8: VOLUME fresh water compartment | G8: VOLUME.w1R | H8: [m3] | J8: =IF(ISBLANK(HLOOKUP(CaseName,CaseData,MATCH($G8,cases!$G$4:$G$2494,0),FALSE)),"",HLOOKUP(CaseName,CaseData,MATCH($G8,cases!$G$4:$G$2494,0),FALSE)) | K8: =L16*L18*L25 -> 18857025000 | L8: =IF(ISBLANK(I8),IF(ISNUMBER(J8)=FALSE,K8,J8),I8) -> 18857025000 | M8: m3
A9: VOLUME sea water compartment | G9: VOLUME.w2R | H9: [m3] | J9: =IF(ISBLANK(HLOOKUP(CaseName,CaseData,MATCH($G9,cases!$G$4:$G$2494,0),FALSE)),"",HLOOKUP(CaseName,CaseData,MATCH($G9,cases!$G$4:$G$2494,0),FALSE)) | K9: =L16*L22*L26 -> 1e+10 | L9: =IF(ISBLANK(I9),IF(ISNUMBER(J9)=FALSE,K9,J9),I9) -> 1e+10 | M9: m3
A10: VOLUME lake water sediment compartment | G10: VOLUME.sd0R | H10: [m3] | J10: =IF(ISBLANK(HLOOKUP(CaseName,CaseData,MATCH($G10,cases!$G$4:$G$2494,0),FALSE)),"",HLOOKUP(CaseName,CaseData,MATCH($G10,cases!$G$4:$G$2494,0),FALSE)) | K10: =L16*L17*L27 -> 17142750 | L10: =IF(ISBLANK(I10),IF(ISNUMBER(J10)=FALSE,K10,J10),I10) -> 17142750 | M10: m3
A11: VOLUME fresh water sediment compartment | G11: VOLUME.sd1R | H11: [m3] | J11: =IF(ISBLANK(HLOOKUP(CaseName,CaseData,MATCH($G11,cases!$G$4:$G$2494,0),FALSE)),"",HLOOKUP(CaseName,CaseData,MATCH($G11,cases!$G$4:$G$2494,0),FALSE)) | K11: =L16*L18*L28 -> 188570250 | L11: =IF(ISBLANK(I11),IF(ISNUMBER(J11)=FALSE,K11,J11),I11) -> 188570250 | M11: m3
A12: VOLUME marine sediment compartment | G12: VOLUME.sd2R | H12: [m3] | J12: =IF(ISBLANK(HLOOKUP(CaseName,CaseData,MATCH($G12,cases!$G$4:$G$2494,0),FALSE)),"",HLOOKUP(CaseName,CaseData,MATCH($G12,cases!$G$4:$G$2494,0),FALSE)) | K12: =L16*L22*L29 -> 30000000 | L12: =IF(ISBLANK(I12),IF(ISNUMBER(J12)=FALSE,K12,J12),I12) -> 30000000 | M12: m3
A13: VOLUME natural soil compartment | G13: VOLUME.s1R | H13: [m3] | J13: =IF(ISBLANK(HLOOKUP(CaseName,CaseData,MATCH($G13,cases!$G$4:$G$2494,0),FALSE)),"",HLOOKUP(CaseName,CaseData,MATCH($G13,cases!$G$4:$G$2494,0),FALSE)) | K13: =L16*L19*L30 -> 3.085695e+09 | L13: =IF(ISBLANK(I13),IF(ISNUMBER(J13)=FALSE,K13,J13),I13) -> 3.085695e+09 | M13: m3
A14: VOLUME agricultural soil compartment | G14: VOLUME.s2R | H14: [m3] | J14: =IF(ISBLANK(HLOOKUP(CaseName,CaseData,MATCH($G14,cases!$G$4:$G$2494,0),FALSE)),"",HLOOKUP(CaseName,CaseData,MATCH($G14,cases!$G$4:$G$2494,0),FALSE)) | K14: =L16*L20*L31 -> 27428400000 | L14: =IF(ISBLANK(I14),IF(ISNUMBER(J14)=FALSE,K14,J14),I14) -> 27428400000 | M14: m3
A15: VOLUME other soil compartment | G15: VOLUME.s3R | H15: [m3] | J15: =IF(ISBLANK(HLOOKUP(CaseName,CaseData,MATCH($G15,cases!$G$4:$G$2494,0),FALSE)),"",HLOOKUP(CaseName,CaseData,MATCH($G15,cases!$G$4:$G$2494,0),FALSE)) | K15: =L16*L21*L32 -> 1142850000 | L15: =IF(ISBLANK(I15),IF(ISNUMBER(J15)=FALSE,K15,J15),I15) -> 1142850000 | M15: m3
B16: AREA regional system | G16: SYSTEMAREA.R | H16: [km2] | J16: =IF(ISBLANK(HLOOKUP(CaseName,CaseData,MATCH($G16,cases!$G$4:$G$2494,0),FALSE)),"",HLOOKUP(CaseName,CaseData,MATCH($G16,cases!$G$4:$G$2494,0),FALSE)) | K16: =(AREAland.R+AREAsea.R)/1000000 -> 229570 | L16: =IF(ISBLANK(I16),IF(ISNUMBER(J16)=FALSE,K16*1000000,J16*1000000),I16*1000000) -> 229570000000 | M16: m2
B17: AREA FRACTION lake water | G17: AREAFRAC.w0R | H17: [-] | J17: =IF(ISBLANK(HLOOKUP(CaseName,CaseData,MATCH($G17,cases!$G$4:$G$2494,0),FALSE)),"",HLOOKUP(CaseName,CaseData,MATCH($G17,cases!$G$4:$G$2494,0),FALSE)) | K17: =AREAland.R*FRAClake.R/L16 -> 0.0024891101 | L17: =IF(ISBLANK(I17),IF(ISNUMBER(J17)=FALSE,K17,J17),I17) -> 0.0024891101 | M17: - | N17: Modeled after Lake Constantz
B18: AREA FRACTION fresh water | G18: AREAFRAC.w1R | H18: [-] | J18: =IF(ISBLANK(HLOOKUP(CaseName,CaseData,MATCH($G18,cases!$G$4:$G$2494,0),FALSE)),"",HLOOKUP(CaseName,CaseData,MATCH($G18,cases!$G$4:$G$2494,0),FALSE)) | K18: =AREAland.R*FRACfresh.R/L16 -> 0.027380211 | L18: =IF(ISBLANK(I18),IF(ISNUMBER(J18)=FALSE,K18,J18),I18) -> 0.027380211 | M18: -
B19: AREA FRACTION natural soil | G19: AREAFRAC.s1R | H19: [-] | J19: =IF(ISBLANK(HLOOKUP(CaseName,CaseData,MATCH($G19,cases!$G$4:$G$2494,0),FALSE)),"",HLOOKUP(CaseName,CaseData,MATCH($G19,cases!$G$4:$G$2494,0),FALSE)) | K19: =AREAland.R*FRACnatsoil.R/L16 -> 0.26882389 | L19: =IF(ISBLANK(I19),IF(ISNUMBER(J19)=FALSE,K19,J19),I19) -> 0.26882389 | M19: -
B20: AREA FRACTION agricultural soil | G20: AREAFRAC.s2R | H20: [-] | J20: =IF(ISBLANK(HLOOKUP(CaseName,CaseData,MATCH($G20,cases!$G$4:$G$2494,0),FALSE)),"",HLOOKUP(CaseName,CaseData,MATCH($G20,cases!$G$4:$G$2494,0),FALSE)) | K20: =AREAland.R*FRACagsoil.R/L16 -> 0.59738642 | L20: =IF(ISBLANK(I20),IF(ISNUMBER(J20)=FALSE,K20,J20),I20) -> 0.59738642 | M20: -
B21: AREA FRACTION other soil | G21: AREAFRAC.s3R | H21: [-] | J21: =IF(ISBLANK(HLOOKUP(CaseName,CaseData,MATCH($G21,cases!$G$4:$G$2494,0),FALSE)),"",HLOOKUP(CaseName,CaseData,MATCH($G21,cases!$G$4:$G$2494,0),FALSE)) | K21: =AREAland.R*FRACothersoil.R/L16 -> 0.099564403 | L21: =IF(ISBLANK(I21),IF(ISNUMBER(J21)=FALSE,K21,J21),I21) -> 0.099564403 | M21: -
B22: AREA FRACTION sea water | G22: AREAFRAC.w2R | H22: [-] | J22: =IF(ISBLANK(HLOOKUP(CaseName,CaseData,MATCH($G22,cases!$G$4:$G$2494,0),FALSE)),"",HLOOKUP(CaseName,CaseData,MATCH($G22,cases!$G$4:$G$2494,0),FALSE)) | K22: =1-L17-L18-L19-L20-L21 -> 0.0043559699 | L22: =IF(ISBLANK(I22),IF(ISNUMBER(J22)=FALSE,K22,J22),I22) -> 0.0043559699 | M22: -
C23: Mixed HEIGHT air compartment | G23: HEIGHT.aR | H23: [m] | J23: =IF(ISBLANK(HLOOKUP(CaseName,CaseData,MATCH($G23,cases!$G$4:$G$2494,0),FALSE)),"",HLOOKUP(CaseName,CaseData,MATCH($G23,cases!$G$4:$G$2494,0),FALSE)) | K23: 1000 | L23: =IF(ISBLANK(I23),IF(ISNUMBER(J23)=FALSE,K23,J23),I23) -> 1000 | M23: m
C24: Mixed DEPTH lake water compartment | G24: DEPTH.w0R | H24: [m] | J24: =IF(ISBLANK(HLOOKUP(CaseName,CaseData,MATCH($G24,cases!$G$4:$G$2494,0),FALSE)),"",HLOOKUP(CaseName,CaseData,MATCH($G24,cases!$G$4:$G$2494,0),FALSE)) | K24: =DEPTHlake.R -> 100 | L24: =IF(ISBLANK(I24),IF(ISNUMBER(J24)=FALSE,K24,J24),I24) -> 100 | M24: m | N24: Modeled after Lake Constantz
C25: Mixed DEPTH fresh water compartment | G25: DEPTH.w1R | H25: [m] | J25: =IF(ISBLANK(HLOOKUP(CaseName,CaseData,MATCH($G25,cases!$G$4:$G$2494,0),FALSE)),"",HLOOKUP(CaseName,CaseData,MATCH($G25,cases!$G$4:$G$2494,0),FALSE)) | K25: =DEPTHfreshwater.R -> 3 | L25: =IF(ISBLANK(I25),IF(ISNUMBER(J25)=FALSE,K25,J25),I25) -> 3 | M25: m
C26: Mixed DEPTH sea water compartment | G26: DEPTH.w2R | H26: [m] | J26: =IF(ISBLANK(HLOOKUP(CaseName,CaseData,MATCH($G26,cases!$G$4:$G$2494,0),FALSE)),"",HLOOKUP(CaseName,CaseData,MATCH($G26,cases!$G$4:$G$2494,0),FALSE)) | K26: 10 | L26: =IF(ISBLANK(I26),IF(ISNUMBER(J26)=FALSE,K26,J26),I26) -> 10 | M26: m
C27: Mixed DEPTH lake water sediment compartment | G27: DEPTH.sd0R | H27: [cm] | J27: =IF(ISBLANK(HLOOKUP(CaseName,CaseData,MATCH($G27,cases!$G$4:$G$2494,0),FALSE)),"",HLOOKUP(CaseName,CaseData,MATCH($G27,cases!$G$4:$G$2494,0),FALSE)) | K27: 3 | L27: =IF(ISBLANK(I27),IF(ISNUMBER(J27)=FALSE,K27/100,J27/100),I27/100) -> 0.03 | M27: m
C28: Mixed DEPTH fresh water sediment compartment | G28: DEPTH.sd1R | H28: [cm] | J28: =IF(ISBLANK(HLOOKUP(CaseName,CaseData,MATCH($G28,cases!$G$4:$G$2494,0),FALSE)),"",HLOOKUP(CaseName,CaseData,MATCH($G28,cases!$G$4:$G$2494,0),FALSE)) | K28: 3 | L28: =IF(ISBLANK(I28),IF(ISNUMBER(J28)=FALSE,K28/100,J28/100),I28/100) -> 0.03 | M28: m
C29: Mixed DEPTH marine sediment compartment | G29: DEPTH.sd2R | H29: [cm] | J29: =IF(ISBLANK(HLOOKUP(CaseName,CaseData,MATCH($G29,cases!$G$4:$G$2494,0),FALSE)),"",HLOOKUP(CaseName,CaseData,MATCH($G29,cases!$G$4:$G$2494,0),FALSE)) | K29: 3 | L29: =IF(ISBLANK(I29),IF(ISNUMBER(J29)=FALSE,K29/100,J29/100),I29/100) -> 0.03 | M29: m
C30: Mixing DEPTH natural soil compartment | G30: DEPTH.s1R | H30: [m] | J30: =IF(ISBLANK(HLOOKUP(CaseName,CaseData,MATCH($G30,cases!$G$4:$G$2494,0),FALSE)),"",HLOOKUP(CaseName,CaseData,MATCH($G30,cases!$G$4:$G$2494,0),FALSE)) | K30: 0.05 | L30: =IF(ISBLANK(I30),IF(ISNUMBER(J30)=FALSE,K30,J30),I30) -> 0.05 | M30: m
C31: Mixing DEPTH agricultural soil compartment | G31: DEPTH.s2R | H31: [m] | J31: =IF(ISBLANK(HLOOKUP(CaseName,CaseData,MATCH($G31,cases!$G$4:$G$2494,0),FALSE)),"",HLOOKUP(CaseName,CaseData,MATCH($G31,cases!$G$4:$G$2494,0),FALSE)) | K31: 0.2 | L31: =IF(ISBLANK(I31),IF(ISNUMBER(J31)=FALSE,K31,J31),I31) -> 0.2 | M31: m
C32: Mixing DEPTH other soil compartment | G32: DEPTH.s3R | H32: [m] | J32: =IF(ISBLANK(HLOOKUP(CaseName,CaseData,MATCH($G32,cases!$G$4:$G$2494,0),FALSE)),"",HLOOKUP(CaseName,CaseData,MATCH($G32,cases!$G$4:$G$2494,0),FALSE)) | K32: 0.05 | L32: =IF(ISBLANK(I32),IF(ISNUMBER(J32)=FALSE,K32,J32),I32) -> 0.05 | M32: m
C33: VOLUME FRACTION cloud water in air | G33: FRACcldw.aR | H33: [-] | J33: =IF(ISBLANK(HLOOKUP(CaseName,CaseData,MATCH($G33,cases!$G$4:$G$2494,0),FALSE)),"",HLOOKUP(CaseName,CaseData,MATCH($G33,cases!$G$4:$G$2494,0),FALSE)) | K33: 3e-07 | L33: =IF(ISBLANK(I33),IF(ISNUMBER(J33)=FALSE,K33,J33),I33) -> 3e-07 | M33: - | N33: Franco refs atm. Models
C34: VOLUME FRACTION solid particles in air | G34: FRACaers.aR | H34: [-] | J34: =IF(ISBLANK(HLOOKUP(CaseName,CaseData,MATCH($G34,cases!$G$4:$G$2494,0),FALSE)),"",HLOOKUP(CaseName,CaseData,MATCH($G34,cases!$G$4:$G$2494,0),FALSE)) | K34: 2e-11 | L34: =IF(ISBLANK(I34),IF(ISNUMBER(J34)=FALSE,K34,J34),I34) -> 2e-11 | M34: - | N34: Franco et al., 2011
C35: VOLUME FRACTION aqueous phase aerosols in air | G35: FRACaerw.aR | H35: [-] | J35: =IF(ISBLANK(HLOOKUP(CaseName,CaseData,MATCH($G35,cases!$G$4:$G$2494,0),FALSE)),"",HLOOKUP(CaseName,CaseData,MATCH($G35,cases!$G$4:$G$2494,0),FALSE)) | K35: 2e-11 | L35: =IF(ISBLANK(I35),IF(ISNUMBER(J35)=FALSE,K35,J35),I35) -> 2e-11 | M35: - | N35: Franco et al., 2011
C36: VOLUME FRACTION air natural soil | G36: FRACa.s1R | H36: [-] | J36: =IF(ISBLANK(HLOOKUP(CaseName,CaseData,MATCH($G36,cases!$G$4:$G$2494,0),FALSE)),"",HLOOKUP(CaseName,CaseData,MATCH($G36,cases!$G$4:$G$2494,0),FALSE)) | K36: 0.2 | L36: =IF(ISBLANK(I36),IF(ISNUMBER(J36)=FALSE,K36,J36),I36) -> 0.2 | M36: -
C37: VOLUME FRACTION water natural soil | G37: FRACw.s1R | H37: [-] | J37: =IF(ISBLANK(HLOOKUP(CaseName,CaseData,MATCH($G37,cases!$G$4:$G$2494,0),FALSE)),"",HLOOKUP(CaseName,CaseData,MATCH($G37,cases!$G$4:$G$2494,0),FALSE)) | K37: 0.2 | L37: =IF(ISBLANK(I37),IF(ISNUMBER(J37)=FALSE,K37,J37),I37) -> 0.2 | M37: -
C38: VOLUME FRACTION solids natural soil | G38: FRACs.s1R | H38: [-] | J38: =IF(ISBLANK(HLOOKUP(CaseName,CaseData,MATCH($G38,cases!$G$4:$G$2494,0),FALSE)),"",HLOOKUP(CaseName,CaseData,MATCH($G38,cases!$G$4:$G$2494,0),FALSE)) | K38: =1-L36-L37 -> 0.6 | L38: =IF(ISBLANK(I38),IF(ISNUMBER(J38)=FALSE,K38,J38),I38) -> 0.6 | M38: -
C39: VOLUME FRACTION air agricultural soil | G39: FRACa.s2R | H39: [-] | J39: =IF(ISBLANK(HLOOKUP(CaseName,CaseData,MATCH($G39,cases!$G$4:$G$2494,0),FALSE)),"",HLOOKUP(CaseName,CaseData,MATCH($G39,cases!$G$4:$G$2494,0),FALSE)) | K39: 0.2 | L39: =IF(ISBLANK(I39),IF(ISNUMBER(J39)=FALSE,K39,J39),I39) -> 0.2 | M39: -
C40: VOLUME FRACTION water agricultural soil | G40: FRACw.s2R | H40: [-] | J40: =IF(ISBLANK(HLOOKUP(CaseName,CaseData,MATCH($G40,cases!$G$4:$G$2494,0),FALSE)),"",HLOOKUP(CaseName,CaseData,MATCH($G40,cases!$G$4:$G$2494,0),FALSE)) | K40: 0.2 | L40: =IF(ISBLANK(I40),IF(ISNUMBER(J40)=FALSE,K40,J40),I40) -> 0.2 | M40: -
C41: VOLUME FRACTION solids agricultural soil | G41: FRACs.s2R | H41: [-] | J41: =IF(ISBLANK(HLOOKUP(CaseName,CaseData,MATCH($G41,cases!$G$4:$G$2494,0),FALSE)),"",HLOOKUP(CaseName,CaseData,MATCH($G41,cases!$G$4:$G$2494,0),FALSE)) | K41: =1-L39-L40 -> 0.6 | L41: =IF(ISBLANK(I41),IF(ISNUMBER(J41)=FALSE,K41,J41),I41) -> 0.6 | M41: -
C42: VOLUME FRACTION air other soil | G42: FRACa.s3R | H42: [-] | J42: =IF(ISBLANK(HLOOKUP(CaseName,CaseData,MATCH($G42,cases!$G$4:$G$2494,0),FALSE)),"",HLOOKUP(CaseName,CaseData,MATCH($G42,cases!$G$4:$G$2494,0),FALSE)) | K42: 0.2 | L42: =IF(ISBLANK(I42),IF(ISNUMBER(J42)=FALSE,K42,J42),I42) -> 0.2 | M42: -
C43: VOLUME FRACTION water other soil | G43: FRACw.s3R | H43: [-] | J43: =IF(ISBLANK(HLOOKUP(CaseName,CaseData,MATCH($G43,cases!$G$4:$G$2494,0),FALSE)),"",HLOOKUP(CaseName,CaseData,MATCH($G43,cases!$G$4:$G$2494,0),FALSE)) | K43: 0.2 | L43: =IF(ISBLANK(I43),IF(ISNUMBER(J43)=FALSE,K43,J43),I43) -> 0.2 | M43: -
C44: VOLUME FRACTION solids other soil | G44: FRACs.s3R | H44: [-] | J44: =IF(ISBLANK(HLOOKUP(CaseName,CaseData,MATCH($G44,cases!$G$4:$G$2494,0),FALSE)),"",HLOOKUP(CaseName,CaseData,MATCH($G44,cases!$G$4:$G$2494,0),FALSE)) | K44: =1-L42-L43 -> 0.6 | L44: =IF(ISBLANK(I44),IF(ISNUMBER(J44)=FALSE,K44,J44),I44) -> 0.6 | M44: -
C45: VOLUME FRACTION water in sediment | G45: FRACw.sdR | H45: [-] | J45: =IF(ISBLANK(HLOOKUP(CaseName,CaseData,MATCH($G45,cases!$G$4:$G$2494,0),FALSE)),"",HLOOKUP(CaseName,CaseData,MATCH($G45,cases!$G$4:$G$2494,0),FALSE)) | K45: 0.8 | L45: =IF(ISBLANK(I45),IF(ISNUMBER(J45)=FALSE,K45,J45),I45) -> 0.8 | M45: -
C46: VOLUME FRACTION solids in sediment | G46: FRACs.sdR | H46: [-] | J46: =IF(ISBLANK(HLOOKUP(CaseName,CaseData,MATCH($G46,cases!$G$4:$G$2494,0),FALSE)),"",HLOOKUP(CaseName,CaseData,MATCH($G46,cases!$G$4:$G$2494,0),FALSE)) | K46: =1-L45 -> 0.2 | L46: =IF(ISBLANK(I46),IF(ISNUMBER(J46)=FALSE,K46,J46),I46) -> 0.2 | M46: -
A48: TRANSFER rate regional air - continental air | G48: k.aR.aC | H48: [s-1] | J48: =IF(ISBLANK(HLOOKUP(CaseName,CaseData,MATCH($G48,cases!$G$4:$G$2494,0),FALSE)),"",HLOOKUP(CaseName,CaseData,MATCH($G48,cases!$G$4:$G$2494,0),FALSE)) | K48: =1/L49 -> 9.4201427e-06 | L48: =IF(ISBLANK(I48),IF(ISNUMBER(J48)=FALSE,K48,J48),I48) -> 9.4201427e-06 | M48: s-1
C49: RESIDENCE TIME of air over region | G49: TAU.aR | H49: [d] | J49: =IF(ISBLANK(HLOOKUP(CaseName,CaseData,MATCH($G49,cases!$G$4:$G$2494,0),FALSE)),"",HLOOKUP(CaseName,CaseData,MATCH($G49,cases!$G$4:$G$2494,0),FALSE)) | K49: =1.5*(0.5*SQRT(L16*PI()/4)/WINDspeed.R)/(3600*24) -> 1.2286517 | L49: =IF(ISBLANK(I49),IF(ISNUMBER(J49)=FALSE,K49*(3600*24),J49*(3600*24)),I49*(3600*24)) -> 106155.5 | M49: s
A51: TRANSFER rate regional lake - regional fresh water | G51: k.w0R.w1R | H51: [s-1] | J51: =IF(ISBLANK(HLOOKUP(CaseName,CaseData,MATCH($G51,cases!$G$4:$G$2494,0),FALSE)),"",HLOOKUP(CaseName,CaseData,MATCH($G51,cases!$G$4:$G$2494,0),FALSE)) | K51: =L56/L7 -> 2.3972603e-09 | L51: =IF(ISBLANK(I51),IF(ISNUMBER(J51)=FALSE,K51,J51),I51) -> 2.3972603e-09 | M51: s-1
A52: TRANSFER rate regional lake - regional sea water | G52: k.w0R.w2R | H52: [s-1] | J52: =IF(ISBLANK(HLOOKUP(CaseName,CaseData,MATCH($G52,cases!$G$4:$G$2494,0),FALSE)),"",HLOOKUP(CaseName,CaseData,MATCH($G52,cases!$G$4:$G$2494,0),FALSE)) | K52: =L57/L7 -> 0 | L52: =IF(ISBLANK(I52),IF(ISNUMBER(J52)=FALSE,K52,J52),I52) -> 0 | M52: s-1
A53: TRANSFER rate regional fresh water - regional lake | G53: k.w1R.w0R | H53: [s-1] | J53: =IF(ISBLANK(HLOOKUP(CaseName,CaseData,MATCH($G53,cases!$G$4:$G$2494,0),FALSE)),"",HLOOKUP(CaseName,CaseData,MATCH($G53,cases!$G$4:$G$2494,0),FALSE)) | K53: =L58/L8 -> 0 | L53: =IF(ISBLANK(I53),IF(ISNUMBER(J53)=FALSE,K53,J53),I53) -> 0 | M53: s-1
A54: TRANSFER rate regional fresh water - regional sea water | G54: k.w1R.w2R | H54: [s-1] | J54: =IF(ISBLANK(HLOOKUP(CaseName,CaseData,MATCH($G54,cases!$G$4:$G$2494,0),FALSE)),"",HLOOKUP(CaseName,CaseData,MATCH($G54,cases!$G$4:$G$2494,0),FALSE)) | K54: =L59/L8 -> 7.2644251e-08 | L54: =IF(ISBLANK(I54),IF(ISNUMBER(J54)=FALSE,K54,J54),I54) -> 7.2644251e-08 | M54: s-1
A55: TRANSFER rate regional sea water - continental sea water | G55: k.w2R.w2C | H55: [s-1] | J55: =IF(ISBLANK(HLOOKUP(CaseName,CaseData,MATCH($G55,cases!$G$4:$G$2494,0),FALSE)),"",HLOOKUP(CaseName,CaseData,MATCH($G55,cases!$G$4:$G$2494,0),FALSE)) | K55: =L60/L9 -> 1.3698545e-06 | L55: =IF(ISBLANK(I55),IF(ISNUMBER(J55)=FALSE,K55,J55),I55) -> 1.3698545e-06 | M55: s-1
B56: FLOW of REGIONAL lake to regional fresh water | G56: WATERflow.w0R.w1R | H56: [m3.s-1] | J56: =IF(ISBLANK(HLOOKUP(CaseName,CaseData,MATCH($G56,cases!$G$4:$G$2494,0),FALSE)),"",HLOOKUP(CaseName,CaseData,MATCH($G56,cases!$G$4:$G$2494,0),FALSE)) | K56: =0.1*L59 -> 136.98545 | L56: =IF(ISBLANK(I56),IF(ISNUMBER(J56)=FALSE,K56,J56),I56) -> 136.98545 | M56: m3.s-1 | N56: Modeled after Lake Constantz
B57: FLOW of REGIONAL lake to regional sea water | G57: WATERflow.w0R.w2R | H57: [m3.s-1] | J57: =IF(ISBLANK(HLOOKUP(CaseName,CaseData,MATCH($G57,cases!$G$4:$G$2494,0),FALSE)),"",HLOOKUP(CaseName,CaseData,MATCH($G57,cases!$G$4:$G$2494,0),FALSE)) | K57: 0 | L57: =IF(ISBLANK(I57),IF(ISNUMBER(J57)=FALSE,K57,J57),I57) -> 0 | M57: m3.s-1 | N57: Modeled after Lake Constantz
B58: FLOW of REGIONAL fresh water to regional lake | G58: WATERflow.w1R.w0R | H58: [m3.s-1] | J58: =IF(ISBLANK(HLOOKUP(CaseName,CaseData,MATCH($G58,cases!$G$4:$G$2494,0),FALSE)),"",HLOOKUP(CaseName,CaseData,MATCH($G58,cases!$G$4:$G$2494,0),FALSE)) | K58: 0 | L58: =IF(ISBLANK(I58),IF(ISNUMBER(J58)=FALSE,K58,J58),I58) -> 0 | M58: m3.s-1 | N58: Modeled after Lake Constantz
B59: FLOW of REGIONAL fresh water to regional sea water | G59: WATERflow.w1R.w2R | H59: [m3.s-1] | J59: =IF(ISBLANK(HLOOKUP(CaseName,CaseData,MATCH($G59,cases!$G$4:$G$2494,0),FALSE)),"",HLOOKUP(CaseName,CaseData,MATCH($G59,cases!$G$4:$G$2494,0),FALSE)) | K59: =((L18+L19*L185+L20*L186+L21*L187)*RAINrate.R*L16+WATERflow.w1C.w1R)*(1-FRAC.w1R.w1C) -> 1369.8545 | L59: =IF(ISBLANK(I59),IF(ISNUMBER(J59)=FALSE,K59,J59),I59) -> 1369.8545 | M59: m3.s-1
B60: FLOW of REGIONAL sea water to continental sea water | G60: WATERflow.w2R.w2C | H60: [m3.s-1] | J60: =IF(ISBLANK(HLOOKUP(CaseName,CaseData,MATCH($G60,cases!$G$4:$G$2494,0),FALSE)),"",HLOOKUP(CaseName,CaseData,MATCH($G60,cases!$G$4:$G$2494,0),FALSE)) | K60: =L59+WATERflow.w2C.w2R -> 13698.545 | L60: =IF(ISBLANK(I60),IF(ISNUMBER(J60)=FALSE,K60,J60),I60) -> 13698.545 | M60: m3.s-1
A62: INTERMEDIA PARTITIONING | G62: Variable Name | H62: Unit | I62: User input | J62: LookUp | K62: Default | L62: Used | N62: Notes
B64: FRACTION of chemical in gas phase of air at EQUILIBRIUM | G64: FRgas.aR | H64: [-] | J64: =IF(ISBLANK(HLOOKUP(CaseName,CaseData,MATCH($G64,cases!$G$4:$G$2494,0),FALSE)),"",HLOOKUP(CaseName,CaseData,MATCH($G64,cases!$G$4:$G$2494,0),FALSE)) | K64: =1-L35*L68/(1+L35*L68+L34*L69) -L34*L69/(1+L35*L68+L34*L69) -> 0.99999996 | L64: =IF(ISBLANK(I64),IF(ISNUMBER(J64)=FALSE,K64,J64),I64) -> 0.99999996 | M64: -
B65: FRACTION of chemical in aerosol water at EQUILIBRIUM | G65: FRaerw.aR | H65: [-] | J65: =IF(ISBLANK(HLOOKUP(CaseName,CaseData,MATCH($G65,cases!$G$4:$G$2494,0),FALSE)),"",HLOOKUP(CaseName,CaseData,MATCH($G65,cases!$G$4:$G$2494,0),FALSE)) | K65: =L35*L68/(1+L35*L68+L34*L69) -> 2.2258159e-10 | L65: =IF(ISBLANK(I65),IF(ISNUMBER(J65)=FALSE,K65,J65),I65) -> 2.2258159e-10 | M65: - | N65: Götz/Harner
B66: FRACTION of chemical in aerosol solids at EQUILIBRIUM | G66: FRaers.aR | H66: [-] | J66: =IF(ISBLANK(HLOOKUP(CaseName,CaseData,MATCH($G66,cases!$G$4:$G$2494,0),FALSE)),"",HLOOKUP(CaseName,CaseData,MATCH($G66,cases!$G$4:$G$2494,0),FALSE)) | K66: =L34*L69/(1+L35*L68+L34*L69) -> 3.5083098e-08 | L66: =IF(ISBLANK(I66),IF(ISNUMBER(J66)=FALSE,K66,J66),I66) -> 3.5083098e-08 | M66: - | N66: Götz/Harner
C67: Dimensionless air/water PARTITION COEFFICIENT of dissolved species at regional temp | G67: KawD.R | H67: [m3w m-3a] | J67: =IF(ISBLANK(HLOOKUP(CaseName,CaseData,MATCH($G67,cases!$G$4:$G$2494,0),FALSE)),"",HLOOKUP(CaseName,CaseData,MATCH($G67,cases!$G$4:$G$2494,0),FALSE)) | K67: =Kaw*EXP((H0vap/8.314)*(1/298-1/TEMP.R))*EXP(-(H0sol/8.314)*(1/298-1/TEMP.R))*(298/TEMP.R) -> 0.089854688 | L67: =IF(ISBLANK(I67),IF(ISNUMBER(J67)=FALSE,K67,J67),I67) -> 0.089854688 | M67: -
C68: Dimensionless aerosol water / air PARTITION COEFFICIENT of dissolved species | G68: Kaerw.aR | H68: [m3a m-3aerw] | J68: =IF(ISBLANK(HLOOKUP(CaseName,CaseData,MATCH($G68,cases!$G$4:$G$2494,0),FALSE)),"",HLOOKUP(CaseName,CaseData,MATCH($G68,cases!$G$4:$G$2494,0),FALSE)) | K68: =1/(L67*FRorig.aerw) -> 11.12908 | L68: =IF(ISBLANK(I68),IF(ISNUMBER(J68)=FALSE,K68,J68),I68) -> 11.12908 | M68: -
C69: Dimensionless aerosol solids / air PARTITION COEFFICIENT of dissolved species | G69: Kaers.aR | H69: [m3a m-3aers] | J69: =IF(ISBLANK(HLOOKUP(CaseName,CaseData,MATCH($G69,cases!$G$4:$G$2494,0),FALSE)),"",HLOOKUP(CaseName,CaseData,MATCH($G69,cases!$G$4:$G$2494,0),FALSE)) | K69: =0.54*(Kow/Kaw)*CORGaers*(RHOaers/1000) -> 1754.155 | L69: =IF(ISBLANK(I69),IF(ISNUMBER(J69)=FALSE,K69,J69),I69) -> 1754.155 | M69: - | N69: Bidleman (Harner and Bidleman, 1998 ES&T) equation adjusted according to (Götz et al., 2007 ES&T).
B70: FRACTION of chemical (dissolved) in water phase lake water at EQUILIBRIUM | G70: FRwD.w0R | H70: [-] | J70: =IF(ISBLANK(HLOOKUP(CaseName,CaseData,MATCH($G70,cases!$G$4:$G$2494,0),FALSE)),"",HLOOKUP(CaseName,CaseData,MATCH($G70,cases!$G$4:$G$2494,0),FALSE)) | K70: =1/(1+L71*input!L281/1000+L73*input!L278/1000) -> 0.99974159 | L70: =IF(ISBLANK(I70),IF(ISNUMBER(J70)=FALSE,K70,J70),I70) -> 0.99974159 | M70: -
C71: Suspended solids/water PARTITION COEFFICIENT | G71: Kp.susp0R | H71: [L.kg-1] | J71: =IF(ISBLANK(HLOOKUP(CaseName,CaseData,MATCH($G71,cases!$G$4:$G$2494,0),FALSE)),"",HLOOKUP(CaseName,CaseData,MATCH($G71,cases!$G$4:$G$2494,0),FALSE)) | K71: =(FRorig.w1*Ksw+(1-FRorig.w1)*Ksw.alt)*(1000/RHOsolid/CORG)*L72 -> 76.953792 | L71: =IF(ISBLANK(I71),IF(ISNUMBER(J71)=FALSE,K71,J71),I71) -> 76.953792 | M71: L.kg-1
C72: Mass FRACTION organic carbon in suspended matter | G72: CORG.susp0R | H72: [-] | J72: =IF(ISBLANK(HLOOKUP(CaseName,CaseData,MATCH($G72,cases!$G$4:$G$2494,0),FALSE)),"",HLOOKUP(CaseName,CaseData,MATCH($G72,cases!$G$4:$G$2494,0),FALSE)) | K72: 0.1 | L72: =IF(ISBLANK(I72),IF(ISNUMBER(J72)=FALSE,K72,J72),I72) -> 0.1 | M72: -
C73: Colloidal organic matter/water partition coefficient | G73: Kp.col0R | H73: [L.kg-1] | J73: =IF(ISBLANK(HLOOKUP(CaseName,CaseData,MATCH($G73,cases!$G$4:$G$2494,0),FALSE)),"",HLOOKUP(CaseName,CaseData,MATCH($G73,cases!$G$4:$G$2494,0),FALSE)) | K73: =0.08*D -> 220 | L73: =IF(ISBLANK(I73),IF(ISNUMBER(J73)=FALSE,K73,J73),I73) -> 220 | M73: L.kg-1
B74: FRACTION of chemical (dissolved) in water phase fresh water at EQUILIBRIUM | G74: FRwD.w1R | H74: [-] | J74: =IF(ISBLANK(HLOOKUP(CaseName,CaseData,MATCH($G74,cases!$G$4:$G$2494,0),FALSE)),"",HLOOKUP(CaseName,CaseData,MATCH($G74,cases!$G$4:$G$2494,0),FALSE)) | K74: =1/(1+L75*input!L282/1000+L77*input!L279/1000) -> 0.99862758 | L74: =IF(ISBLANK(I74),IF(ISNUMBER(J74)=FALSE,K74,J74),I74) -> 0.99862758 | M74: -
C75: Suspended solids/water PARTITION COEFFICIENT | G75: Kp.susp1R | H75: [L.kg-1] | J75: =IF(ISBLANK(HLOOKUP(CaseName,CaseData,MATCH($G75,cases!$G$4:$G$2494,0),FALSE)),"",HLOOKUP(CaseName,CaseData,MATCH($G75,cases!$G$4:$G$2494,0),FALSE)) | K75: =(FRorig.w1*Ksw+(1-FRorig.w1)*Ksw.alt)*(1000/RHOsolid/CORG)*L76 -> 76.953792 | L75: =IF(ISBLANK(I75),IF(ISNUMBER(J75)=FALSE,K75,J75),I75) -> 76.953792 | M75: L.kg-1
C76: Mass FRACTION organic carbon in suspended matter | G76: CORG.susp1R | H76: [-] | J76: =IF(ISBLANK(HLOOKUP(CaseName,CaseData,MATCH($G76,cases!$G$4:$G$2494,0),FALSE)),"",HLOOKUP(CaseName,CaseData,MATCH($G76,cases!$G$4:$G$2494,0),FALSE)) | K76: 0.1 | L76: =IF(ISBLANK(I76),IF(ISNUMBER(J76)=FALSE,K76,J76),I76) -> 0.1 | M76: -
C77: Colloidal organic matter/water partition coefficient | G77: Kp.col1R | H77: [L.kg-1] | J77: =IF(ISBLANK(HLOOKUP(CaseName,CaseData,MATCH($G77,cases!$G$4:$G$2494,0),FALSE)),"",HLOOKUP(CaseName,CaseData,MATCH($G77,cases!$G$4:$G$2494,0),FALSE)) | K77: =0.08*D -> 220 | L77: =IF(ISBLANK(I77),IF(ISNUMBER(J77)=FALSE,K77,J77),I77) -> 220 | M77: L.kg-1
B78: FRACTION of chemical (dissolved) in water phase sea water at EQUILIBRIUM | G78: FRwD.w2R | H78: [-] | J78: =IF(ISBLANK(HLOOKUP(CaseName,CaseData,MATCH($G78,cases!$G$4:$G$2494,0),FALSE)),"",HLOOKUP(CaseName,CaseData,MATCH($G78,cases!$G$4:$G$2494,0),FALSE)) | K78: =1/(1+L79*input!L283/1000+L81*input!L280/1000) -> 0.9993956 | L78: =IF(ISBLANK(I78),IF(ISNUMBER(J78)=FALSE,K78,J78),I78) -> 0.9993956 | M78: -
C79: Suspended solids/water PARTITION COEFFICIENT | G79: Kp.susp2R | H79: [L.kg-1] | J79: =IF(ISBLANK(HLOOKUP(CaseName,CaseData,MATCH($G79,cases!$G$4:$G$2494,0),FALSE)),"",HLOOKUP(CaseName,CaseData,MATCH($G79,cases!$G$4:$G$2494,0),FALSE)) | K79: =(FRorig.w2*Ksw+(1-FRorig.w2)*Ksw.alt)*(1000/RHOsolid/CORG)*L80 -> 76.953792 | L79: =IF(ISBLANK(I79),IF(ISNUMBER(J79)=FALSE,K79,J79),I79) -> 76.953792 | M79: L.kg-1
C80: Mass FRACTION organic carbon in suspended matter | G80: CORG.susp2R | H80: [-] | J80: =IF(ISBLANK(HLOOKUP(CaseName,CaseData,MATCH($G80,cases!$G$4:$G$2494,0),FALSE)),"",HLOOKUP(CaseName,CaseData,MATCH($G80,cases!$G$4:$G$2494,0),FALSE)) | K80: 0.1 | L80: =IF(ISBLANK(I80),IF(ISNUMBER(J80)=FALSE,K80,J80),I80) -> 0.1 | M80: -
C81: Colloidal organic matter/water partition coefficient | G81: Kp.col2R | H81: [L.kg-1] | J81: =IF(ISBLANK(HLOOKUP(CaseName,CaseData,MATCH($G81,cases!$G$4:$G$2494,0),FALSE)),"",HLOOKUP(CaseName,CaseData,MATCH($G81,cases!$G$4:$G$2494,0),FALSE)) | K81: =0.08*D -> 220 | L81: =IF(ISBLANK(I81),IF(ISNUMBER(J81)=FALSE,K81,J81),I81) -> 220 | M81: L.kg-1
C82: Dimensionless sed/water PARTITION COEFFICIENT lake water | G82: Ksdw0.R | H82: [-] | J82: =IF(ISBLANK(HLOOKUP(CaseName,CaseData,MATCH($G82,cases!$G$4:$G$2494,0),FALSE)),"",HLOOKUP(CaseName,CaseData,MATCH($G82,cases!$G$4:$G$2494,0),FALSE)) | K82: =L45+L46*L83*RHOsolid/1000 -> 20.038448 | L82: =IF(ISBLANK(I82),IF(ISNUMBER(J82)=FALSE,K82,J82),I82) -> 20.038448 | M82: -
D83: Sediment/water PARTITION COEFFICIENT lake water | G83: Kp.sd0R | H83: [L.kg-1] | J83: =IF(ISBLANK(HLOOKUP(CaseName,CaseData,MATCH($G83,cases!$G$4:$G$2494,0),FALSE)),"",HLOOKUP(CaseName,CaseData,MATCH($G83,cases!$G$4:$G$2494,0),FALSE)) | K83: =(FRorig.sd1*Ksw+(1-FRorig.sd1)*Ksw.alt)*(1000/RHOsolid/CORG)*L84 -> 38.476896 | L83: =IF(ISBLANK(I83),IF(ISNUMBER(J83)=FALSE,K83,J83),I83) -> 38.476896 | M83: L.kg-1
C84: Mass FRACTION organic carbon lake water sediment | G84: CORG.sd0R | H84: [-] | J84: =IF(ISBLANK(HLOOKUP(CaseName,CaseData,MATCH($G84,cases!$G$4:$G$2494,0),FALSE)),"",HLOOKUP(CaseName,CaseData,MATCH($G84,cases!$G$4:$G$2494,0),FALSE)) | K84: 0.05 | L84: =IF(ISBLANK(I84),IF(ISNUMBER(J84)=FALSE,K84,J84),I84) -> 0.05 | M84: -
C85: Dimensionless sed/water PARTITION COEFFICIENT fresh water | G85: Ksdw1.R | H85: [-] | J85: =IF(ISBLANK(HLOOKUP(CaseName,CaseData,MATCH($G85,cases!$G$4:$G$2494,0),FALSE)),"",HLOOKUP(CaseName,CaseData,MATCH($G85,cases!$G$4:$G$2494,0),FALSE)) | K85: =L45+L46*L86*RHOsolid/1000 -> 20.038448 | L85: =IF(ISBLANK(I85),IF(ISNUMBER(J85)=FALSE,K85,J85),I85) -> 20.038448 | M85: -
D86: Sediment/water PARTITION COEFFICIENT fresh water | G86: Kp.sd1R | H86: [L.kg-1] | J86: =IF(ISBLANK(HLOOKUP(CaseName,CaseData,MATCH($G86,cases!$G$4:$G$2494,0),FALSE)),"",HLOOKUP(CaseName,CaseData,MATCH($G86,cases!$G$4:$G$2494,0),FALSE)) | K86: =(FRorig.sd1*Ksw+(1-FRorig.sd1)*Ksw.alt)*(1000/RHOsolid/CORG)*L87 -> 38.476896 | L86: =IF(ISBLANK(I86),IF(ISNUMBER(J86)=FALSE,K86,J86),I86) -> 38.476896 | M86: L.kg-1
C87: Mass FRACTION organic carbon fresh water sediment | G87: CORG.sd1R | H87: [-] | J87: =IF(ISBLANK(HLOOKUP(CaseName,CaseData,MATCH($G87,cases!$G$4:$G$2494,0),FALSE)),"",HLOOKUP(CaseName,CaseData,MATCH($G87,cases!$G$4:$G$2494,0),FALSE)) | K87: 0.05 | L87: =IF(ISBLANK(I87),IF(ISNUMBER(J87)=FALSE,K87,J87),I87) -> 0.05 | M87: -
C88: Dimensionless sed/water PARTITION COEFFICIENT sea water | G88: Ksdw2.R | H88: [-] | J88: =IF(ISBLANK(HLOOKUP(CaseName,CaseData,MATCH($G88,cases!$G$4:$G$2494,0),FALSE)),"",HLOOKUP(CaseName,CaseData,MATCH($G88,cases!$G$4:$G$2494,0),FALSE)) | K88: =L45+L46*L89*RHOsolid/1000 -> 20.038448 | L88: =IF(ISBLANK(I88),IF(ISNUMBER(J88)=FALSE,K88,J88),I88) -> 20.038448 | M88: -
D89: Sediment/water PARTITION COEFFICIENT sea water | G89: Kp.sd2R | H89: [L.kg-1] | J89: =IF(ISBLANK(HLOOKUP(CaseName,CaseData,MATCH($G89,cases!$G$4:$G$2494,0),FALSE)),"",HLOOKUP(CaseName,CaseData,MATCH($G89,cases!$G$4:$G$2494,0),FALSE)) | K89: =(FRorig.sd2*Ksw+(1-FRorig.sd2)*Ksw.alt)*(1000/RHOsolid/CORG)*L90 -> 38.476896 | L89: =IF(ISBLANK(I89),IF(ISNUMBER(J89)=FALSE,K89,J89),I89) -> 38.476896 | M89: L.kg-1
C90: Mass FRACTION organic carbon sea water sediment | G90: CORG.sd2R | H90: [-] | J90: =IF(ISBLANK(HLOOKUP(CaseName,CaseData,MATCH($G90,cases!$G$4:$G$2494,0),FALSE)),"",HLOOKUP(CaseName,CaseData,MATCH($G90,cases!$G$4:$G$2494,0),FALSE)) | K90: 0.05 | L90: =IF(ISBLANK(I90),IF(ISNUMBER(J90)=FALSE,K90,J90),I90) -> 0.05 | M90: -
C91: Dimensionless soil/water PARTITION COEFFICIENT natural soil | G91: Ks1w.R | H91: [-] | J91: =IF(ISBLANK(HLOOKUP(CaseName,CaseData,MATCH($G91,cases!$G$4:$G$2494,0),FALSE)),"",HLOOKUP(CaseName,CaseData,MATCH($G91,cases!$G$4:$G$2494,0),FALSE)) | K91: =L36*(L67*FRorig.s1w)+L37+L38*L94*RHOsolid/1000 -> 23.304109 | L91: =IF(ISBLANK(I91),IF(ISNUMBER(J91)=FALSE,K91,J91),I91) -> 23.304109 | M91: -
B92: FRACTION of chemical (dissolved) in porewater phase natural soil at EQUILIBRIUM | G92: FRwD.s1R | H92: [-] | J92: =IF(ISBLANK(HLOOKUP(CaseName,CaseData,MATCH($G92,cases!$G$4:$G$2494,0),FALSE)),"",HLOOKUP(CaseName,CaseData,MATCH($G92,cases!$G$4:$G$2494,0),FALSE)) | K92: =L37/(L36*(L67*FRorig.s1w)+L37+L38*L94*RHOsolid/1000) -> 0.0085821776 | L92: =IF(ISBLANK(I92),IF(ISNUMBER(J92)=FALSE,K92,J92),I92) -> 0.0085821776
B93: FRACTION of chemical attached to solid phase natural soil at EQUILIBRIUM | G93: FRs.s1R | H93: [-] | J93: =IF(ISBLANK(HLOOKUP(CaseName,CaseData,MATCH($G93,cases!$G$4:$G$2494,0),FALSE)),"",HLOOKUP(CaseName,CaseData,MATCH($G93,cases!$G$4:$G$2494,0),FALSE)) | K93: =L38 / (L36*L67*FRorig.s1w/(L94*RHOsolid/1000)+L37 /(L94*RHOsolid/1000)+L38 ) -> 0.99064667 | L93: =IF(ISBLANK(I93),IF(ISNUMBER(J93)=FALSE,K93,J93),I93) -> 0.99064667
C94: Soil/water PARTITION COEFFICIENT natural soil | G94: Kp.s1R | H94: [L.kg-1] | J94: =IF(ISBLANK(HLOOKUP(CaseName,CaseData,MATCH($G94,cases!$G$4:$G$2494,0),FALSE)),"",HLOOKUP(CaseName,CaseData,MATCH($G94,cases!$G$4:$G$2494,0),FALSE)) | K94: =(FRorig.s1*Ksw+(1-FRorig.s1)*Ksw.alt)*(1000/RHOsolid/CORG)*L95 -> 15.390758 | L94: =IF(ISBLANK(I94),IF(ISNUMBER(J94)=FALSE,K94,J94),I94) -> 15.390758 | M94: L.kg-1
C95: Mass FRACTION organic carbon natural soil | G95: CORG.s1R | H95: [-] | J95: =IF(ISBLANK(HLOOKUP(CaseName,CaseData,MATCH($G95,cases!$G$4:$G$2494,0),FALSE)),"",HLOOKUP(CaseName,CaseData,MATCH($G95,cases!$G$4:$G$2494,0),FALSE)) | K95: 0.02 | L95: =IF(ISBLANK(I95),IF(ISNUMBER(J95)=FALSE,K95,J95),I95) -> 0.02 | M95: -
C96: Dimensionless soil/water PARTITION COEFFICIENT agricultural soil | G96: Ks2w.R | H96: [-] | J96: =IF(ISBLANK(HLOOKUP(CaseName,CaseData,MATCH($G96,cases!$G$4:$G$2494,0),FALSE)),"",HLOOKUP(CaseName,CaseData,MATCH($G96,cases!$G$4:$G$2494,0),FALSE)) | K96: =L39*(L67*FRorig.s2w)+L40+L41*L99*RHOsolid/1000 -> 23.304109 | L96: =IF(ISBLANK(I96),IF(ISNUMBER(J96)=FALSE,K96,J96),I96) -> 23.304109 | M96: -
B97: FRACTION of chemical (dissolved) in porewater phase agricultural soil at EQUILIBRIUM | G97: FRwD.s2R | H97: [-] | J97: =IF(ISBLANK(HLOOKUP(CaseName,CaseData,MATCH($G97,cases!$G$4:$G$2494,0),FALSE)),"",HLOOKUP(CaseName,CaseData,MATCH($G97,cases!$G$4:$G$2494,0),FALSE)) | K97: =L40/(L39*(L67*FRorig.s2w)+L40+L41*L99*RHOsolid/1000) -> 0.0085821776 | L97: =IF(ISBLANK(I97),IF(ISNUMBER(J97)=FALSE,K97,J97),I97) -> 0.0085821776 | M97: -
B98: FRACTION of chemical attached to solid phase agricultural soil | G98: FRs.s2R | H98: [-] | J98: =IF(ISBLANK(HLOOKUP(CaseName,CaseData,MATCH($G98,cases!$G$4:$G$2494,0),FALSE)),"",HLOOKUP(CaseName,CaseData,MATCH($G98,cases!$G$4:$G$2494,0),FALSE)) | K98: =L41/(L39*(L67*FRorig.s2w)/(L99*RHOsolid/1000)+L40/(L99*RHOsolid/1000)+L41) -> 0.99064667 | L98: =IF(ISBLANK(I98),IF(ISNUMBER(J98)=FALSE,K98,J98),I98) -> 0.99064667 | M98: -
C99: Soil/water PARTITION COEFFICIENT agricultural soil | G99: Kp.s2R | H99: [L.kg-1] | J99: =IF(ISBLANK(HLOOKUP(CaseName,CaseData,MATCH($G99,cases!$G$4:$G$2494,0),FALSE)),"",HLOOKUP(CaseName,CaseData,MATCH($G99,cases!$G$4:$G$2494,0),FALSE)) | K99: =(FRorig.s2*Ksw+(1-FRorig.s2)*Ksw.alt)*(1000/RHOsolid/CORG)*L100 -> 15.390758 | L99: =IF(ISBLANK(I99),IF(ISNUMBER(J99)=FALSE,K99,J99),I99) -> 15.390758 | M99: L.kg-1
C100: Mass FRACTION organic carbon agricultural soil | G100: CORG.s2R | H100: [-] | J100: =IF(ISBLANK(HLOOKUP(CaseName,CaseData,MATCH($G100,cases!$G$4:$G$2494,0),FALSE)),"",HLOOKUP(CaseName,CaseData,MATCH($G100,cases!$G$4:$G$2494,0),FALSE)) | K100: 0.02 | L100: =IF(ISBLANK(I100),IF(ISNUMBER(J100)=FALSE,K100,J100),I100) -> 0.02 | M100: -
C101: Dimensionless soil/water PARTITION COEFFICIENT other soil | G101: Ks3w.R | H101: [-] | J101: =IF(ISBLANK(HLOOKUP(CaseName,CaseData,MATCH($G101,cases!$G$4:$G$2494,0),FALSE)),"",HLOOKUP(CaseName,CaseData,MATCH($G101,cases!$G$4:$G$2494,0),FALSE)) | K101: =L42*(L67*FRorig.s3w)+L43+L44*L104*RHOsolid/1000 -> 23.304109 | L101: =IF(ISBLANK(I101),IF(ISNUMBER(J101)=FALSE,K101,J101),I101) -> 23.304109 | M101: -
B102: FRACTION of chemical (dissolved) in water phase other soil at EQUILIBRIUM | G102: FRwD.s3R | H102: [-] | J102: =IF(ISBLANK(HLOOKUP(CaseName,CaseData,MATCH($G102,cases!$G$4:$G$2494,0),FALSE)),"",HLOOKUP(CaseName,CaseData,MATCH($G102,cases!$G$4:$G$2494,0),FALSE)) | K102: =L43/(L42*(L67*FRorig.s3w)+L43+L44*L104*RHOsolid/1000) -> 0.0085821776 | L102: =IF(ISBLANK(I102),IF(ISNUMBER(J102)=FALSE,K102,J102),I102) -> 0.0085821776 | M102: -
B103: FRACTION of chemical attached to solid phase other soil | G103: FRs.s3R | H103: [-] | J103: =IF(ISBLANK(HLOOKUP(CaseName,CaseData,MATCH($G103,cases!$G$4:$G$2494,0),FALSE)),"",HLOOKUP(CaseName,CaseData,MATCH($G103,cases!$G$4:$G$2494,0),FALSE)) | K103: =L44/(L42*(L67*FRorig.s3w)/(L104*RHOsolid/1000)+L43/(L104*RHOsolid/1000)+L44) -> 0.99064667 | L103: =IF(ISBLANK(I103),IF(ISNUMBER(J103)=FALSE,K103,J103),I103) -> 0.99064667 | M103: -
C104: Soil/water partition coefficient other soil | G104: Kp.s3R | H104: [L.kg-1] | J104: =IF(ISBLANK(HLOOKUP(CaseName,CaseData,MATCH($G104,cases!$G$4:$G$2494,0),FALSE)),"",HLOOKUP(CaseName,CaseData,MATCH($G104,cases!$G$4:$G$2494,0),FALSE)) | K104: =(FRorig.s3*Ksw+(1-FRorig.s3)*Ksw.alt)*(1000/RHOsolid/CORG)*L105 -> 15.390758 | L104: =IF(ISBLANK(I104),IF(ISNUMBER(J104)=FALSE,K104,J104),I104) -> 15.390758 | M104: L.kg-1
C105: Fraction organic carbon other soil | G105: CORG.s3R | H105: [-] | J105: =IF(ISBLANK(HLOOKUP(CaseName,CaseData,MATCH($G105,cases!$G$4:$G$2494,0),FALSE)),"",HLOOKUP(CaseName,CaseData,MATCH($G105,cases!$G$4:$G$2494,0),FALSE)) | K105: 0.02 | L105: =IF(ISBLANK(I105),IF(ISNUMBER(J105)=FALSE,K105,J105),I105) -> 0.02 | M105: -
...

Sheet continental
A1: CONTINENTAL SCALE MODEL DEFINITION
A3: ENVIRONMENT | G3: Variable Name | H3: Unit | I3: User input | J3: LookUp | K3: Default | L3: Used | N3: Notes
A5: VOLUME air compartment | G5: VOLUME.aC | H5: [m3] | J5: =IF(ISBLANK(HLOOKUP(CaseName,CaseData,MATCH($G5,cases!$G$4:$G$2494,0),FALSE)),"",HLOOKUP(CaseName,CaseData,MATCH($G5,cases!$G$4:$G$2494,0),FALSE)) | K5: =L16*L23*(1-L33) -> 7.1992478e+15 | L5: =IF(ISBLANK(I5),IF(ISNUMBER(J5)=FALSE,K5,J5),I5) -> 7.1992478e+15 | M5: m3
A6: VOLUME cloud water compartment | G6: VOLUME.cwC | H6: [m3] | J6: =IF(ISBLANK(HLOOKUP(CaseName,CaseData,MATCH($G6,cases!$G$4:$G$2494,0),FALSE)),"",HLOOKUP(CaseName,CaseData,MATCH($G6,cases!$G$4:$G$2494,0),FALSE)) | K6: =L33*L5 -> 2.1597744e+09 | L6: =IF(ISBLANK(I6),IF(ISNUMBER(J6)=FALSE,K6,J6),I6) -> 2.1597744e+09 | M6: m3
A7: VOLUME lake water compartment | G7: VOLUME.w0C | H7: [m3] | J7: =IF(ISBLANK(HLOOKUP(CaseName,CaseData,MATCH($G7,cases!$G$4:$G$2494,0),FALSE)),"",HLOOKUP(CaseName,CaseData,MATCH($G7,cases!$G$4:$G$2494,0),FALSE)) | K7: =L16*L17*L24 -> 871460000000 | L7: =IF(ISBLANK(I7),IF(ISNUMBER(J7)=FALSE,K7,J7),I7) -> 871460000000 | M7: m3
A8: VOLUME fresh water compartment | G8: VOLUME.w1C | H8: [m3] | J8: =IF(ISBLANK(HLOOKUP(CaseName,CaseData,MATCH($G8,cases!$G$4:$G$2494,0),FALSE)),"",HLOOKUP(CaseName,CaseData,MATCH($G8,cases!$G$4:$G$2494,0),FALSE)) | K8: =L16*L18*L25 -> 287581800000 | L8: =IF(ISBLANK(I8),IF(ISNUMBER(J8)=FALSE,K8,J8),I8) -> 287581800000 | M8: m3
A9: VOLUME sea water compartment | G9: VOLUME.w2C | H9: [m3] | J9: =IF(ISBLANK(HLOOKUP(CaseName,CaseData,MATCH($G9,cases!$G$4:$G$2494,0),FALSE)),"",HLOOKUP(CaseName,CaseData,MATCH($G9,cases!$G$4:$G$2494,0),FALSE)) | K9: =L16*L22*L26 -> 742682000000000 | L9: =IF(ISBLANK(I9),IF(ISNUMBER(J9)=FALSE,K9,J9),I9) -> 742682000000000 | M9: m3
A10: VOLUME lake sediment compartment | G10: VOLUME.sd0C | H10: [m3] | J10: =IF(ISBLANK(HLOOKUP(CaseName,CaseData,MATCH($G10,cases!$G$4:$G$2494,0),FALSE)),"",HLOOKUP(CaseName,CaseData,MATCH($G10,cases!$G$4:$G$2494,0),FALSE)) | K10: =L17*L16*L27 -> 261438000 | L10: =IF(ISBLANK(I10),IF(ISNUMBER(J10)=FALSE,K10,J10),I10) -> 261438000 | M10: m3
A11: VOLUME fresh water sediment compartment | G11: VOLUME.sd1C | H11: [m3] | J11: =IF(ISBLANK(HLOOKUP(CaseName,CaseData,MATCH($G11,cases!$G$4:$G$2494,0),FALSE)),"",HLOOKUP(CaseName,CaseData,MATCH($G11,cases!$G$4:$G$2494,0),FALSE)) | K11: =L16*L18*L28 -> 2875818000 | L11: =IF(ISBLANK(I11),IF(ISNUMBER(J11)=FALSE,K11,J11),I11) -> 2875818000 | M11: m3
A12: VOLUME marine sediment compartment | G12: VOLUME.sd2C | H12: [m3] | J12: =IF(ISBLANK(HLOOKUP(CaseName,CaseData,MATCH($G12,cases!$G$4:$G$2494,0),FALSE)),"",HLOOKUP(CaseName,CaseData,MATCH($G12,cases!$G$4:$G$2494,0),FALSE)) | K12: =L16*L22*L29 -> 111402300000 | L12: =IF(ISBLANK(I12),IF(ISNUMBER(J12)=FALSE,K12,J12),I12) -> 111402300000 | M12: m3
A13: VOLUME natural soil compartment | G13: VOLUME.s1C | H13: [m3] | J13: =IF(ISBLANK(HLOOKUP(CaseName,CaseData,MATCH($G13,cases!$G$4:$G$2494,0),FALSE)),"",HLOOKUP(CaseName,CaseData,MATCH($G13,cases!$G$4:$G$2494,0),FALSE)) | K13: =L16*L19*L30 -> 4.705884e+10 | L13: =IF(ISBLANK(I13),IF(ISNUMBER(J13)=FALSE,K13,J13),I13) -> 4.705884e+10 | M13: m3
A14: VOLUME agricultural soil compartment | G14: VOLUME.s2C | H14: [m3] | J14: =IF(ISBLANK(HLOOKUP(CaseName,CaseData,MATCH($G14,cases!$G$4:$G$2494,0),FALSE)),"",HLOOKUP(CaseName,CaseData,MATCH($G14,cases!$G$4:$G$2494,0),FALSE)) | K14: =L16*L20*L31 -> 4.183008e+11 | L14: =IF(ISBLANK(I14),IF(ISNUMBER(J14)=FALSE,K14,J14),I14) -> 4.183008e+11 | M14: m3
A15: VOLUME other soil compartment | G15: VOLUME.s3C | H15: [m3] | J15: =IF(ISBLANK(HLOOKUP(CaseName,CaseData,MATCH($G15,cases!$G$4:$G$2494,0),FALSE)),"",HLOOKUP(CaseName,CaseData,MATCH($G15,cases!$G$4:$G$2494,0),FALSE)) | K15: =L16*L21*L32 -> 17429200000 | L15: =IF(ISBLANK(I15),IF(ISNUMBER(J15)=FALSE,K15,J15),I15) -> 17429200000 | M15: m3
B16: AREA continental system | G16: SYSTEMAREA.C | H16: [km2] | J16: =IF(ISBLANK(HLOOKUP(CaseName,CaseData,MATCH($G16,cases!$G$4:$G$2494,0),FALSE)),"",HLOOKUP(CaseName,CaseData,MATCH($G16,cases!$G$4:$G$2494,0),FALSE)) | K16: =(AREAland.C+AREAsea.C)/1000000 -> 7199250 | L16: =IF(ISBLANK(I16),IF(ISNUMBER(J16)=FALSE,K16*1000000,J16*1000000),I16*1000000) -> 7199250000000 | M16: m2
B17: AREA FRACTION lake water | G17: AREAFRAC.w0C | H17: [-] | J17: =IF(ISBLANK(HLOOKUP(CaseName,CaseData,MATCH($G17,cases!$G$4:$G$2494,0),FALSE)),"",HLOOKUP(CaseName,CaseData,MATCH($G17,cases!$G$4:$G$2494,0),FALSE)) | K17: =AREAland.C*FRAClake.C/L16 -> 0.0012104872 | L17: =IF(ISBLANK(I17),IF(ISNUMBER(J17)=FALSE,K17,J17),I17) -> 0.0012104872 | M17: -
